Pos,Driver,Nationality,Car,Pts,Year
1,Nino FarinaFAR,ITA,Alfa Romeo,30.0,1950
2,Juan Manuel FangioFAN,ARG,Alfa Romeo,27.0,1950
3,Luigi FagioliFAG,ITA,Alfa Romeo,24.0,1950
4,Louis RosierROS,FRA,Talbot-Lago,13.0,1950
5,Alberto AscariASC,ITA,,11.0,1950
6,Johnnie ParsonsPAR,USA,Kurtis Kraft Offenhauser,9.0,1950
7,Bill HollandHOL,USA,Deidt Offenhauser,6.0,1950
8,Prince BiraBIR,THA,Maserati,5.0,1950
9,Reg ParnellPAR,GBR,Maserati,4.0,1950
9,Louis ChironCHI,MON,Maserati,4.0,1950
9,Mauri RoseROS,USA,Deidt Offenhauser,4.0,1950
9,Peter WhiteheadWHI,GBR,Ferrari,4.0,1950
13,Yves Giraud-CabantousGIR,FRA,Talbot-Lago,3.0,1950
13,Raymond SommerSOM,FRA,Talbot-Lago,3.0,1950
13,Cecil GreenGRE,USA,Kurtis Kraft Offenhauser,3.0,1950
13,Robert ManzonMAN,FRA,Simca-Gordini,3.0,1950
13,Dorino SerafiniSER,ITA,,3.0,1950
13,Philippe EtancelinETA,FRA,,3.0,1950
19,Felice BonettoBON,ITA,Milano Speluzzi,2.0,1950
20,Tony BettenhausenBET,USA,Deidt Offenhauser,1.0,1950
20,Joie ChitwoodCHI,USA,Kurtis Kraft Offenhauser,1.0,1950
20,Eugene ChaboudCHA,FRA,,1.0,1950
1,Juan Manuel FangioFAN,ARG,Alfa Romeo,31.0,1951
2,Alberto AscariASC,ITA,Ferrari,25.0,1951
3,Jose Froilan GonzalezGON,ARG,,24.0,1951
4,Nino FarinaFAR,ITA,Alfa Romeo,19.0,1951
5,Luigi VilloresiVIL,ITA,Ferrari,15.0,1951
6,Piero TaruffiTAR,ITA,Ferrari,10.0,1951
7,Lee WallardWAL,USA,Kurtis Kraft Offenhauser,9.0,1951
8,Felice BonettoBON,ITA,Alfa Romeo,7.0,1951
9,Mike NazarukNAZ,USA,Kurtis Kraft Offenhauser,6.0,1951
10,Reg ParnellPAR,GBR,BRM,5.0,1951
11,Luigi FagioliFAG,ITA,Alfa Romeo,4.0,1951
12,Consalvo SanesiSAN,ITA,Alfa Romeo,3.0,1951
12,Andy LindenLIN,USA,Sherman Offenhauser,3.0,1951
12,Louis RosierROS,FRA,,3.0,1951
15,Toulo de GraffenriedDEG,SUI,Alfa Romeo,2.0,1951
15,Manny AyuloAYU,USA,Kurtis Kraft Offenhauser,2.0,1951
15,Bobby BallBAL,USA,Schroeder Offenhauser,2.0,1951
15,Jack McGrathMCG,USA,Kurtis Kraft Offenhauser,2.0,1951
15,Yves Giraud-CabantousGIR,FRA,,2.0,1951
1,Alberto AscariASC,ITA,Ferrari,36.0,1952
2,Nino FarinaFAR,ITA,Ferrari,24.0,1952
3,Piero TaruffiTAR,ITA,Ferrari,22.0,1952
4,Rudi Fischer FIS,SUI,Ferrari,10.0,1952
4,Mike HawthornHAW,GBR,Cooper Bristol,10.0,1952
6,Robert ManzonMAN,FRA,Gordini,9.0,1952
7,Troy RuttmanRUT,USA,Kuzma Offenhauser,8.0,1952
7,Luigi VilloresiVIL,ITA,Ferrari,8.0,1952
9,Jose Froilan GonzalezGON,ARG,Maserati,6.5,1952
10,Jim RathmannRAT,USA,Kurtis Kraft Offenhauser,6.0,1952
10,Jean BehraBEH,FRA,Gordini,6.0,1952
12,Sam HanksHAN,USA,Kurtis Kraft Offenhauser,4.0,1952
13,Ken WhartonWHA,GBR,,3.0,1952
13,Duane CarterCAR,USA,Lesovsky Offenhauser,3.0,1952
13,Dennis PoorePOO,GBR,Connaught Lea Francis,3.0,1952
16,Alan BrownBRO,GBR,Cooper Bristol,2.0,1952
16,Art CrossCRO,USA,Kurtis Kraft Offenhauser,2.0,1952
16,Paul FrereFRE,BEL,Simca-Gordini,2.0,1952
16,Maurice TrintignantTRI,FRA,Gordini,2.0,1952
16,Eric ThompsonTHO,GBR,Connaught Lea Francis,2.0,1952
16,Felice BonettoBON,ITA,Maserati,2.0,1952
22,Bill Vukovich VUK,USA,Kurtis Kraft Offenhauser,1.0,1952
1,Alberto AscariASC,ITA,Ferrari,34.5,1953
2,Juan Manuel FangioFAN,ARG,Maserati,27.5,1953
3,Nino FarinaFAR,ITA,Ferrari,26.0,1953
4,Mike HawthornHAW,GBR,Ferrari,19.0,1953
5,Luigi VilloresiVIL,ITA,Ferrari,17.0,1953
6,Jose Froilan GonzalezGON,ARG,Maserati,13.5,1953
7,Bill Vukovich VUK,USA,Kurtis Kraft Offenhauser,9.0,1953
8,Toulo de GraffenriedDEG,SUI,Maserati,7.0,1953
9,Felice BonettoBON,ITA,Maserati,6.5,1953
10,Art CrossCRO,USA,Kurtis Kraft Offenhauser,6.0,1953
11,Onofre MarimonMAR,ARG,Maserati,4.0,1953
11,Maurice TrintignantTRI,FRA,Gordini,4.0,1953
13,Oscar Alfredo GalvezGAL,ARG,Maserati,2.0,1953
13,Sam HanksHAN,USA,Kurtis Kraft Offenhauser,2.0,1953
13,Duane CarterCAR,USA,Kurtis Kraft Offenhauser,2.0,1953
13,Jack McGrathMCG,USA,Kurtis Kraft Offenhauser,2.0,1953
13,Hermann LangLAN,GER,Maserati,2.0,1953
18,Fred AgabashianAGA,USA,Kurtis Kraft Offenhauser,1.5,1953
18,Paul RussoRUS,USA,Kurtis Kraft Offenhauser,1.5,1953
1,Juan Manuel FangioFAN,ARG,Mercedes-Benz,42.0,1954
2,Jose Froilan GonzalezGON,ARG,Ferrari,25.1,1954
3,Mike HawthornHAW,GBR,Ferrari,24.6,1954
4,Maurice TrintignantTRI,FRA,Ferrari,17.0,1954
5,Karl KlingKLI,GER,Mercedes-Benz,12.0,1954
6,Bill Vukovich VUK,USA,Kurtis Kraft Offenhauser,8.0,1954
6,Hans HerrmannHER,GER,Mercedes-Benz,8.0,1954
8,Nino FarinaFAR,ITA,Ferrari,6.0,1954
8,Jimmy BryanBRY,USA,Kuzma Offenhauser,6.0,1954
8,Luigi MussoMUS,ITA,Maserati,6.0,1954
8,Roberto MieresMIE,ARG,Maserati,6.0,1954
12,Jack McGrathMCG,USA,Kurtis Kraft Offenhauser,5.0,1954
13,Stirling MossMOS,GBR,Maserati,4.1,1954
13,Onofre MarimonMAR,ARG,Maserati,4.1,1954
15,Robert ManzonMAN,FRA,Ferrari,4.0,1954
15,Sergio MantovaniMAN,ITA,Maserati,4.0,1954
17,Prince BiraBIR,THA,Maserati,3.0,1954
18,Elie BayolBAY,FRA,Gordini,2.0,1954
18,Mike NazarukNAZ,USA,Kurtis Kraft Offenhauser,2.0,1954
18,Andre PilettePIL,BEL,Gordini,2.0,1954
18,Luigi VilloresiVIL,ITA,Lancia,2.0,1954
18,Umberto MaglioliMAG,ITA,Ferrari,2.0,1954
23,Troy RuttmanRUT,USA,Kurtis Kraft Offenhauser,1.5,1954
23,Duane CarterCAR,USA,Kurtis Kraft Offenhauser,1.5,1954
25,Alberto AscariASC,ITA,Lancia,1.1,1954
26,Jean BehraBEH,FRA,Gordini,0.1,1954
1,Juan Manuel FangioFAN,ARG,Mercedes-Benz,40.0,1955
2,Stirling MossMOS,GBR,Mercedes-Benz,23.0,1955
3,Eugenio CastellottiCAS,ITA,Ferrari,12.0,1955
4,Maurice TrintignantTRI,FRA,Ferrari,11.3,1955
5,Nino FarinaFAR,ITA,Ferrari,10.3,1955
6,Piero TaruffiTAR,ITA,Mercedes-Benz,9.0,1955
7,Bob SweikertSWE,USA,Kurtis Kraft Offenhauser,8.0,1955
8,Roberto MieresMIE,ARG,Maserati,7.0,1955
9,Luigi MussoMUS,ITA,Maserati,6.0,1955
9,Jean BehraBEH,FRA,Maserati,6.0,1955
11,Karl KlingKLI,GER,Mercedes-Benz,5.0,1955
12,Jimmy DaviesDAV,USA,Kurtis Kraft Offenhauser,4.0,1955
13,Paul RussoRUS,USA,Kurtis Kraft Offenhauser,3.0,1955
13,Tony BettenhausenBET,USA,Kurtis Kraft Offenhauser,3.0,1955
13,Johnny ThomsonTHO,USA,Kuzma Offenhauser,3.0,1955
13,Paul FrereFRE,BEL,Ferrari,3.0,1955
17,Jose Froilan GonzalezGON,ARG,Ferrari,2.0,1955
17,Cesare PerdisaPER,ITA,Maserati,2.0,1955
17,Luigi VilloresiVIL,ITA,Lancia,2.0,1955
17,Carlos MenditeguyMEN,ARG,Maserati,2.0,1955
21,Umberto MaglioliMAG,ITA,Ferrari,1.3,1955
22,Hans HerrmannHER,GER,Mercedes-Benz,1.0,1955
22,Walt FaulknerFAU,USA,Kurtis Kraft Offenhauser,1.0,1955
22,Bill HomeierHOM,USA,Kurtis Kraft Offenhauser,1.0,1955
22,Bill Vukovich VUK,USA,Kurtis Kraft Offenhauser,1.0,1955
1,Juan Manuel FangioFAN,ARG,Ferrari,30.0,1956
2,Stirling MossMOS,GBR,Maserati,27.0,1956
3,Peter CollinsCOL,GBR,Ferrari,25.0,1956
4,Jean BehraBEH,FRA,Maserati,22.0,1956
5,Pat FlahertyFLA,USA,Watson Offenhauser,8.0,1956
6,Eugenio CastellottiCAS,ITA,Ferrari,7.5,1956
7,Sam HanksHAN,USA,Kurtis Kraft Offenhauser,6.0,1956
7,Paul FrereFRE,BEL,Ferrari,6.0,1956
7,Paco GodiaGOD,ESP,Maserati,6.0,1956
10,Jack FairmanFAI,GBR,Connaught Alta,5.0,1956
11,Mike HawthornHAW,GBR,BRM,4.0,1956
11,Luigi MussoMUS,ITA,Ferrari,4.0,1956
11,Don FreelandFRE,USA,Phillips Offenhauser,4.0,1956
11,Ron FlockhartFLO,GBR,Connaught Alta,4.0,1956
15,Johnnie ParsonsPAR,USA,Kuzma Offenhauser,3.0,1956
15,Harry SchellSCH,USA,Vanwall,3.0,1956
15,Alfonso de Portago DEP,ESP,Ferrari,3.0,1956
15,Cesare PerdisaPER,ITA,Maserati,3.0,1956
19,Olivier GendebienGEN,BEL,Ferrari,2.0,1956
19,Hermano da Silva RamosDAS,BRA,Gordini,2.0,1956
19,Dick RathmannRAT,USA,Kurtis Kraft Offenhauser,2.0,1956
19,Luigi VilloresiVIL,ITA,Maserati,2.0,1956
19,Horace Gould GOU,GBR,Maserati,2.0,1956
19,Louis RosierROS,FRA,Maserati,2.0,1956
25,Gerino Gerini GER,ITA,Maserati,1.5,1956
25,Chico LandiLAN,BRA,Maserati,1.5,1956
27,Paul RussoRUS,USA,Kurtis Kraft Novi,1.0,1956
1,Juan Manuel FangioFAN,ARG,Maserati,40.0,1957
2,Stirling MossMOS,GBR,Vanwall,25.0,1957
3,Luigi MussoMUS,ITA,Ferrari,16.0,1957
4,Mike HawthornHAW,GBR,Ferrari,13.0,1957
5,Tony BrooksBRO,GBR,Vanwall,11.0,1957
6,Masten GregoryGRE,USA,Maserati,10.0,1957
6,Harry SchellSCH,USA,Maserati,10.0,1957
8,Sam HanksHAN,USA,Epperly Offenhauser,8.0,1957
8,Peter CollinsCOL,GBR,Ferrari,8.0,1957
10,Jim RathmannRAT,USA,Epperly Offenhauser,7.0,1957
11,Jean BehraBEH,FRA,Maserati,6.0,1957
12,Stuart Lewis-Evans LEW,GBR,Vanwall,5.0,1957
12,Maurice TrintignantTRI,FRA,Ferrari,5.0,1957
14,Carlos MenditeguyMEN,ARG,Maserati,4.0,1957
14,Jimmy BryanBRY,USA,Kuzma Offenhauser,4.0,1957
14,Wolfgang von TripsVON,GER,Ferrari,4.0,1957
17,Paul RussoRUS,USA,Kurtis Kraft Novi,3.0,1957
18,Andy LindenLIN,USA,Kurtis Kraft Offenhauser,2.0,1957
18,Roy SalvadoriSAL,GBR,Cooper Climax,2.0,1957
20,Alfonso de Portago DEP,ESP,Ferrari,1.0,1957
20,Jose Froilan GonzalezGON,ARG,Ferrari,1.0,1957
20,Giorgio Scarlatti SCA,ITA,Maserati,1.0,1957
1,Mike HawthornHAW,GBR,Ferrari,42.0,1958
2,Stirling MossMOS,GBR,Vanwall,41.0,1958
3,Tony BrooksBRO,GBR,Vanwall,24.0,1958
4,Roy SalvadoriSAL,GBR,Cooper Climax,15.0,1958
5,Peter CollinsCOL,GBR,Ferrari,14.0,1958
5,Harry SchellSCH,USA,BRM,14.0,1958
7,Maurice TrintignantTRI,FRA,Cooper Climax,12.0,1958
7,Luigi MussoMUS,ITA,Ferrari,12.0,1958
9,Stuart Lewis-Evans LEW,GBR,Vanwall,11.0,1958
10,Phil HillHIL,USA,Ferrari,9.0,1958
10,Jean BehraBEH,FRA,BRM,9.0,1958
10,Wolfgang von TripsVON,GER,Ferrari,9.0,1958
13,Jimmy BryanBRY,USA,Epperly Offenhauser,8.0,1958
14,Juan Manuel FangioFAN,ARG,Maserati,7.0,1958
15,George AmickAMI,USA,Epperly Offenhauser,6.0,1958
16,Tony BettenhausenBET,USA,Epperly Offenhauser,4.0,1958
16,Johnny BoydBOY,USA,Kurtis Kraft Offenhauser,4.0,1958
18,Jack BrabhamBRA,AUS,Cooper Climax,3.0,1958
18,Cliff AllisonALL,GBR,Lotus Climax,3.0,1958
18,Jo BonnierBON,SWE,BRM,3.0,1958
21,Jim RathmannRAT,USA,Epperly Offenhauser,2.0,1958
1,Jack BrabhamBRA,AUS,Cooper Climax,31.0,1959
2,Tony BrooksBRO,GBR,Ferrari,27.0,1959
3,Stirling MossMOS,GBR,Cooper Climax,25.5,1959
4,Phil HillHIL,USA,Ferrari,20.0,1959
5,Maurice TrintignantTRI,FRA,Cooper Climax,19.0,1959
6,Bruce McLarenMCL,NZL,Cooper Climax,16.5,1959
7,Dan GurneyGUR,USA,Ferrari,13.0,1959
8,Jo BonnierBON,SWE,BRM,10.0,1959
8,Masten GregoryGRE,USA,Cooper Climax,10.0,1959
10,Rodger WardWAR,USA,Kurtis Kraft Offenhauser,8.0,1959
11,Jim RathmannRAT,USA,Watson Offenhauser,6.0,1959
12,Johnny ThomsonTHO,USA,Lesovsky Offenhauser,5.0,1959
12,Innes IrelandIRE,GBR,Lotus Climax,5.0,1959
12,Harry SchellSCH,USA,Cooper Climax,5.0,1959
15,Tony BettenhausenBET,USA,Epperly Offenhauser,3.0,1959
15,Olivier GendebienGEN,BEL,Ferrari,3.0,1959
17,Paul GoldsmithGOL,USA,Epperly Offenhauser,2.0,1959
17,Jean BehraBEH,FRA,Ferrari,2.0,1959
17,Cliff AllisonALL,GBR,Ferrari,2.0,1959
1,Jack BrabhamBRA,AUS,Cooper Climax,43.0,1960
2,Bruce McLarenMCL,NZL,Cooper Climax,34.0,1960
3,Stirling MossMOS,GBR,Lotus Climax,19.0,1960
4,Innes IrelandIRE,GBR,Lotus Climax,18.0,1960
5,Phil HillHIL,USA,Cooper Climax,16.0,1960
6,Olivier GendebienGEN,BEL,Cooper Climax,10.0,1960
6,Wolfgang von TripsVON,GER,Cooper Maserati,10.0,1960
8,Jim RathmannRAT,USA,Watson Offenhauser,8.0,1960
8,Richie GintherGIN,USA,Ferrari,8.0,1960
8,Jim ClarkCLA,GBR,Lotus Climax,8.0,1960
11,Tony BrooksBRO,GBR,Cooper Climax,7.0,1960
12,Cliff AllisonALL,GBR,Ferrari,6.0,1960
12,Rodger WardWAR,USA,Watson Offenhauser,6.0,1960
12,John SurteesSUR,GBR,Lotus Climax,6.0,1960
15,Paul GoldsmithGOL,USA,Epperly Offenhauser,4.0,1960
15,Graham HillHIL,GBR,BRM,4.0,1960
15,Willy MairesseMAI,BEL,Ferrari,4.0,1960
15,Jo BonnierBON,SWE,BRM,4.0,1960
19,Carlos MenditeguyMEN,ARG,Cooper Maserati,3.0,1960
19,Don BransonBRA,USA,Phillips Offenhauser,3.0,1960
19,Henry TaylorTAY,GBR,Cooper Climax,3.0,1960
19,Giulio CabiancaCAB,ITA,Cooper Castellotti,3.0,1960
23,Johnny ThomsonTHO,USA,Lesovsky Offenhauser,2.0,1960
24,Eddie JohnsonJOH,USA,Trevis Offenhauser,1.0,1960
24,Lucien BianchiBIA,BEL,Cooper Climax,1.0,1960
24,Ron FlockhartFLO,GBR,Cooper Climax,1.0,1960
24,Hans HerrmannHER,GER,Porsche,1.0,1960
1,Phil HillHIL,USA,Ferrari,34.0,1961
2,Wolfgang von TripsVON,GER,Ferrari,33.0,1961
3,Stirling MossMOS,GBR,Lotus Climax,21.0,1961
3,Dan GurneyGUR,USA,Porsche,21.0,1961
5,Richie GintherGIN,USA,Ferrari,16.0,1961
6,Innes IrelandIRE,GBR,Lotus Climax,12.0,1961
7,Jim ClarkCLA,GBR,Lotus Climax,11.0,1961
7,Bruce McLarenMCL,NZL,Cooper Climax,11.0,1961
9,Giancarlo BaghettiBAG,ITA,Ferrari,9.0,1961
10,Tony BrooksBRO,GBR,BRM Climax,6.0,1961
11,Jack BrabhamBRA,AUS,Cooper Climax,4.0,1961
11,John SurteesSUR,GBR,Cooper Climax,4.0,1961
13,Olivier GendebienGEN,BEL,Lotus Climax,3.0,1961
13,Jackie Lewis LEW,GBR,Cooper Climax,3.0,1961
13,Jo BonnierBON,SWE,Porsche,3.0,1961
13,Graham HillHIL,GBR,BRM Climax,3.0,1961
17,Roy SalvadoriSAL,GBR,Cooper Climax,2.0,1961
1,Graham HillHIL,GBR,BRM,42.0,1962
2,Jim ClarkCLA,GBR,Lotus Climax,30.0,1962
3,Bruce McLarenMCL,NZL,Cooper Climax,27.0,1962
4,John SurteesSUR,GBR,Lola Climax,19.0,1962
5,Dan GurneyGUR,USA,Porsche,15.0,1962
6,Phil HillHIL,USA,Ferrari,14.0,1962
7,Tony MaggsMAG,RSA,Cooper Climax,13.0,1962
8,Richie GintherGIN,USA,BRM,10.0,1962
9,Jack BrabhamBRA,AUS,Brabham Climax,9.0,1962
10,Trevor Taylor TAY,GBR,Lotus Climax,6.0,1962
11,Giancarlo BaghettiBAG,ITA,Ferrari,5.0,1962
12,Lorenzo BandiniBAN,ITA,Ferrari,4.0,1962
12,Ricardo Rodriguez ROD,MEX,Ferrari,4.0,1962
14,Willy MairesseMAI,BEL,Ferrari,3.0,1962
14,Jo BonnierBON,SWE,Porsche,3.0,1962
16,Innes IrelandIRE,GBR,Lotus Climax,2.0,1962
16,Carel Godin de Beaufort DEB,NED,Porsche,2.0,1962
18,Masten GregoryGRE,USA,Lotus BRM,1.0,1962
18,Neville LederleLED,RSA,Lotus Climax,1.0,1962
1,Jim ClarkCLA,GBR,Lotus Climax,54.0,1963
2,Graham HillHIL,GBR,BRM,29.0,1963
2,Richie GintherGIN,USA,BRM,29.0,1963
4,John SurteesSUR,GBR,Ferrari,22.0,1963
5,Dan GurneyGUR,USA,Brabham Climax,19.0,1963
6,Bruce McLarenMCL,NZL,Cooper Climax,17.0,1963
7,Jack BrabhamBRA,AUS,Brabham Climax,14.0,1963
8,Tony MaggsMAG,RSA,Cooper Climax,9.0,1963
9,Innes IrelandIRE,GBR,BRP BRM,6.0,1963
9,Lorenzo BandiniBAN,ITA,Ferrari,6.0,1963
9,Jo BonnierBON,SWE,Cooper Climax,6.0,1963
12,Gerhard MitterMIT,GER,Porsche,3.0,1963
12,Jim Hall HAL,USA,Lotus BRM,3.0,1963
14,Carel Godin de Beaufort DEB,NED,Porsche,2.0,1963
15,Trevor Taylor TAY,GBR,Lotus Climax,1.0,1963
15,Ludovico ScarfiottiSCA,ITA,Ferrari,1.0,1963
15,Jo SiffertSIF,SUI,Lotus BRM,1.0,1963
1,John SurteesSUR,GBR,Ferrari,40.0,1964
2,Graham HillHIL,GBR,BRM,39.0,1964
3,Jim ClarkCLA,GBR,Lotus Climax,32.0,1964
4,Lorenzo BandiniBAN,ITA,Ferrari,23.0,1964
4,Richie GintherGIN,USA,BRM,23.0,1964
6,Dan GurneyGUR,USA,Brabham Climax,19.0,1964
7,Bruce McLarenMCL,NZL,Cooper Climax,13.0,1964
8,Peter Arundell ARU,GBR,Lotus Climax,11.0,1964
8,Jack BrabhamBRA,AUS,Brabham Climax,11.0,1964
10,Jo SiffertSIF,SUI,Brabham BRM,7.0,1964
11,Bob AndersonAND,GBR,Brabham Climax,5.0,1964
12,Tony MaggsMAG,RSA,BRM,4.0,1964
12,Mike SpenceSPE,GBR,Lotus Climax,4.0,1964
12,Innes IrelandIRE,GBR,BRP BRM,4.0,1964
15,Jo BonnierBON,SWE,Brabham Climax,3.0,1964
16,Chris AmonAMO,NZL,Lotus BRM,2.0,1964
16,Maurice TrintignantTRI,FRA,BRM,2.0,1964
16,Walt HansgenHAN,USA,Lotus Climax,2.0,1964
19,Mike HailwoodHAI,GBR,Lotus BRM,1.0,1964
19,Phil HillHIL,USA,Cooper Climax,1.0,1964
19,Trevor Taylor TAY,GBR,BRP BRM,1.0,1964
19,Pedro RodriguezROD,MEX,Ferrari,1.0,1964
1,Jim ClarkCLA,GBR,Lotus Climax,54.0,1965
2,Graham HillHIL,GBR,BRM,40.0,1965
3,Jackie StewartSTE,GBR,BRM,33.0,1965
4,Dan GurneyGUR,USA,Brabham Climax,25.0,1965
5,John SurteesSUR,GBR,Ferrari,17.0,1965
6,Lorenzo BandiniBAN,ITA,Ferrari,13.0,1965
7,Richie GintherGIN,USA,Honda,11.0,1965
8,Mike SpenceSPE,GBR,Lotus Climax,10.0,1965
8,Bruce McLarenMCL,NZL,Cooper Climax,10.0,1965
10,Jack BrabhamBRA,AUS,Brabham Climax,9.0,1965
11,Denny HulmeHUL,NZL,Brabham Climax,5.0,1965
11,Jo SiffertSIF,SUI,Brabham BRM,5.0,1965
13,Jochen RindtRIN,AUT,Cooper Climax,4.0,1965
14,Pedro RodriguezROD,MEX,Ferrari,2.0,1965
14,Ronnie BucknumBUC,USA,Honda,2.0,1965
14,Richard AttwoodATT,GBR,Lotus BRM,2.0,1965
1,Jack BrabhamBRA,AUS,Brabham Repco,42.0,1966
2,John SurteesSUR,GBR,Cooper Maserati,28.0,1966
3,Jochen RindtRIN,AUT,Cooper Maserati,22.0,1966
4,Denny HulmeHUL,NZL,Brabham Repco,18.0,1966
5,Graham HillHIL,GBR,BRM,17.0,1966
6,Jim ClarkCLA,GBR,Lotus BRM,16.0,1966
7,Jackie StewartSTE,GBR,BRM,14.0,1966
8,Mike Parkes PAR,GBR,Ferrari,12.0,1966
8,Lorenzo BandiniBAN,ITA,Ferrari,12.0,1966
10,Ludovico ScarfiottiSCA,ITA,Ferrari,9.0,1966
11,Richie GintherGIN,USA,Honda,5.0,1966
12,Dan GurneyGUR,USA,Eagle Climax,4.0,1966
12,Mike SpenceSPE,GBR,Lotus BRM,4.0,1966
14,Bob BondurantBON,USA,Eagle Weslake,3.0,1966
14,Jo SiffertSIF,SUI,Cooper Maserati,3.0,1966
14,Bruce McLarenMCL,NZL,McLaren Ford,3.0,1966
17,John Taylor TAY,GBR,Brabham BRM,1.0,1966
17,Bob AndersonAND,GBR,Brabham Climax,1.0,1966
17,Peter Arundell ARU,GBR,Lotus BRM,1.0,1966
17,Jo BonnierBON,SWE,Cooper Maserati,1.0,1966
1,Denny HulmeHUL,NZL,Brabham Repco,51.0,1967
2,Jack BrabhamBRA,AUS,Brabham Repco,46.0,1967
3,Jim ClarkCLA,GBR,Lotus Ford,41.0,1967
4,John SurteesSUR,GBR,Honda,20.0,1967
4,Chris AmonAMO,NZL,Ferrari,20.0,1967
6,Pedro RodriguezROD,MEX,Cooper Maserati,15.0,1967
6,Graham HillHIL,GBR,Lotus Ford,15.0,1967
8,Dan GurneyGUR,USA,Eagle Climax,13.0,1967
9,Jackie StewartSTE,GBR,BRM,10.0,1967
10,Mike SpenceSPE,GBR,BRM,9.0,1967
11,John LoveLOV,RHO,Cooper Climax,6.0,1967
11,Jochen RindtRIN,AUT,Cooper Maserati,6.0,1967
11,Jo SiffertSIF,SUI,Cooper Maserati,6.0,1967
14,Bruce McLarenMCL,NZL,McLaren BRM,3.0,1967
14,Jo BonnierBON,SWE,Cooper Maserati,3.0,1967
16,Bob AndersonAND,GBR,Brabham Climax,2.0,1967
16,Mike Parkes PAR,GBR,Ferrari,2.0,1967
16,Chris IrwinIRW,GBR,BRM,2.0,1967
19,Ludovico ScarfiottiSCA,ITA,Eagle Weslake,1.0,1967
19,Guy Ligier LIG,FRA,Brabham Repco,1.0,1967
19,Jacky IckxICK,BEL,Cooper Maserati,1.0,1967
1,Graham HillHIL,GBR,Lotus Ford,48.0,1968
2,Jackie StewartSTE,GBR,Matra Ford,36.0,1968
3,Denny HulmeHUL,NZL,McLaren Ford,33.0,1968
4,Jacky IckxICK,BEL,Ferrari,27.0,1968
5,Bruce McLarenMCL,NZL,McLaren Ford,22.0,1968
6,Pedro RodriguezROD,MEX,BRM,18.0,1968
7,Jo SiffertSIF,SUI,Lotus Ford,12.0,1968
7,John SurteesSUR,GBR,Honda,12.0,1968
9,Jean-Pierre BeltoiseBEL,FRA,Matra,11.0,1968
10,Chris AmonAMO,NZL,Ferrari,10.0,1968
11,Jim ClarkCLA,GBR,Lotus Ford,9.0,1968
12,Jochen RindtRIN,AUT,Brabham Repco,8.0,1968
13,Richard AttwoodATT,GBR,BRM,6.0,1968
13,Johnny Servoz-Gavin SER,FRA,Matra Ford,6.0,1968
13,Jackie OliverOLI,GBR,Lotus Ford,6.0,1968
13,Ludovico ScarfiottiSCA,ITA,Cooper BRM,6.0,1968
17,Lucien BianchiBIA,BEL,Cooper BRM,5.0,1968
17,Vic Elford ELF,GBR,Cooper BRM,5.0,1968
19,Brian RedmanRED,GBR,Cooper BRM,4.0,1968
19,Piers CourageCOU,GBR,BRM,4.0,1968
21,Dan GurneyGUR,USA,McLaren Ford,3.0,1968
21,Jo BonnierBON,SWE,Honda,3.0,1968
23,Silvio Moser MOS,SUI,Brabham Repco,2.0,1968
23,Jack BrabhamBRA,AUS,Brabham Repco,2.0,1968
1,Jackie StewartSTE,GBR,Matra Ford,63.0,1969
2,Jacky IckxICK,BEL,Brabham Ford,37.0,1969
3,Bruce McLarenMCL,NZL,McLaren Ford,26.0,1969
4,Jochen RindtRIN,AUT,Lotus Ford,22.0,1969
5,Jean-Pierre BeltoiseBEL,FRA,Matra Ford,21.0,1969
6,Denny HulmeHUL,NZL,McLaren Ford,20.0,1969
7,Graham HillHIL,GBR,Lotus Ford,19.0,1969
8,Piers CourageCOU,GBR,Brabham Ford,16.0,1969
9,Jo SiffertSIF,SUI,Lotus Ford,15.0,1969
10,Jack BrabhamBRA,AUS,Brabham Ford,14.0,1969
11,John SurteesSUR,GBR,BRM,6.0,1969
12,Chris AmonAMO,NZL,Ferrari,4.0,1969
13,Richard AttwoodATT,GBR,Brabham Ford,3.0,1969
13,Vic Elford ELF,GBR,McLaren Ford,3.0,1969
13,Pedro RodriguezROD,MEX,Ferrari,3.0,1969
16,Johnny Servoz-Gavin SER,FRA,Matra Ford,1.0,1969
16,Silvio Moser MOS,SUI,Brabham Ford,1.0,1969
16,Jackie OliverOLI,GBR,BRM,1.0,1969
1,Jochen RindtRIN,AUT,Lotus Ford,45.0,1970
2,Jacky IckxICK,BEL,Ferrari,40.0,1970
3,Clay RegazzoniREG,SUI,Ferrari,33.0,1970
4,Denny HulmeHUL,NZL,McLaren Ford,27.0,1970
5,Jack BrabhamBRA,AUS,Brabham Ford,25.0,1970
5,Jackie StewartSTE,GBR,Tyrrell Ford,25.0,1970
7,Pedro RodriguezROD,MEX,BRM,23.0,1970
7,Chris AmonAMO,NZL,March Ford,23.0,1970
9,Jean-Pierre BeltoiseBEL,FRA,Matra,16.0,1970
10,Emerson FittipaldiFIT,BRA,Lotus Ford,12.0,1970
11,Rolf StommelenSTO,GER,Brabham Ford,10.0,1970
12,Henri PescaroloPES,FRA,Matra,8.0,1970
13,Graham HillHIL,GBR,Lotus Ford,7.0,1970
14,Bruce McLarenMCL,NZL,McLaren Ford,6.0,1970
15,Mario AndrettiAND,USA,March Ford,4.0,1970
15,Reine WisellWIS,SWE,Lotus Ford,4.0,1970
17,Ignazio Giunti GIU,ITA,Ferrari,3.0,1970
17,John SurteesSUR,GBR,Surtees Ford,3.0,1970
19,John MilesMIL,GBR,Lotus Ford,2.0,1970
19,Johnny Servoz-Gavin SER,FRA,March Ford,2.0,1970
19,Jackie OliverOLI,GBR,BRM,2.0,1970
22,Dan GurneyGUR,USA,McLaren Ford,1.0,1970
22,Francois Cevert CEV,FRA,March Ford,1.0,1970
22,Peter Gethin GET,GBR,McLaren Ford,1.0,1970
22,Derek BellBEL,GBR,Surtees Ford,1.0,1970
1,Jackie StewartSTE,GBR,Tyrrell Ford,62.0,1971
2,Ronnie PetersonPET,SWE,March Ford,33.0,1971
3,Francois Cevert CEV,FRA,Tyrrell Ford,26.0,1971
4,Jacky IckxICK,BEL,Ferrari,19.0,1971
4,Jo SiffertSIF,SUI,BRM,19.0,1971
6,Emerson FittipaldiFIT,BRA,Lotus Ford,16.0,1971
7,Clay RegazzoniREG,SUI,Ferrari,13.0,1971
8,Mario AndrettiAND,USA,Ferrari,12.0,1971
9,Peter Gethin GET,GBR,BRM,9.0,1971
9,Pedro RodriguezROD,MEX,BRM,9.0,1971
9,Chris AmonAMO,NZL,Matra,9.0,1971
9,Reine WisellWIS,SWE,Lotus Ford,9.0,1971
9,Denny HulmeHUL,NZL,McLaren Ford,9.0,1971
14,Tim SchenkenSCH,AUS,Brabham Ford,5.0,1971
14,Howden Ganley GAN,NZL,BRM,5.0,1971
16,Mark DonohueDON,USA,,4.0,1971
16,Henri PescaroloPES,FRA,March Ford,4.0,1971
18,Mike HailwoodHAI,GBR,Surtees Ford,3.0,1971
18,John SurteesSUR,GBR,Surtees Ford,3.0,1971
18,Rolf StommelenSTO,GER,Surtees Ford,3.0,1971
21,Graham HillHIL,GBR,Brabham Ford,2.0,1971
22,Jean-Pierre BeltoiseBEL,FRA,Matra,1.0,1971
1,Emerson FittipaldiFIT,BRA,Lotus Ford,61.0,1972
2,Jackie StewartSTE,GBR,Tyrrell Ford,45.0,1972
3,Denny HulmeHUL,NZL,McLaren Ford,39.0,1972
4,Jacky IckxICK,BEL,Ferrari,27.0,1972
5,Peter RevsonREV,USA,McLaren Ford,23.0,1972
6,Francois Cevert CEV,FRA,Tyrrell Ford,15.0,1972
6,Clay RegazzoniREG,SUI,Ferrari,15.0,1972
8,Mike HailwoodHAI,GBR,Surtees Ford,13.0,1972
9,Ronnie PetersonPET,SWE,March Ford,12.0,1972
9,Chris AmonAMO,NZL,Matra,12.0,1972
11,Jean-Pierre BeltoiseBEL,FRA,BRM,9.0,1972
12,Mario AndrettiAND,USA,Ferrari,4.0,1972
12,Howden Ganley GAN,NZL,BRM,4.0,1972
12,Brian RedmanRED,GBR,BRM,4.0,1972
12,Graham HillHIL,GBR,Brabham Ford,4.0,1972
16,Andrea de Adamich DEA,ITA,Surtees Ford,3.0,1972
16,Carlos ReutemannREU,ARG,Brabham Ford,3.0,1972
16,Carlos PacePAC,BRA,March Ford,3.0,1972
19,Tim SchenkenSCH,AUS,Surtees Ford,2.0,1972
20,Arturo MerzarioMER,ITA,Ferrari,1.0,1972
20,Peter Gethin GET,GBR,BRM,1.0,1972
1,Jackie StewartSTE,GBR,Tyrrell Ford,71.0,1973
2,Emerson FittipaldiFIT,BRA,Lotus Ford,55.0,1973
3,Ronnie PetersonPET,SWE,Lotus Ford,52.0,1973
4,Francois Cevert CEV,FRA,Tyrrell Ford,47.0,1973
5,Peter RevsonREV,USA,McLaren Ford,38.0,1973
6,Denny HulmeHUL,NZL,McLaren Ford,26.0,1973
7,Carlos ReutemannREU,ARG,Brabham Ford,16.0,1973
8,James HuntHUN,GBR,March Ford,14.0,1973
9,Jacky IckxICK,BEL,Iso Marlboro Ford,12.0,1973
10,Jean-Pierre BeltoiseBEL,FRA,BRM,9.0,1973
11,Carlos PacePAC,BRA,Surtees Ford,7.0,1973
12,Arturo MerzarioMER,ITA,Ferrari,6.0,1973
13,George Follmer FOL,USA,Shadow Ford,5.0,1973
14,Jackie OliverOLI,GBR,Shadow Ford,4.0,1973
15,Andrea de Adamich DEA,ITA,Brabham Ford,3.0,1973
15,Wilson FittipaldiFIT,BRA,Brabham Ford,3.0,1973
17,Niki LaudaLAU,AUT,BRM,2.0,1973
17,Clay RegazzoniREG,SUI,BRM,2.0,1973
19,Chris AmonAMO,NZL,Tyrrell Ford,1.0,1973
19,Gijs van LennepVAN,NED,Iso Marlboro Ford,1.0,1973
19,Howden Ganley GAN,NZL,Iso Marlboro Ford,1.0,1973
1,Emerson FittipaldiFIT,BRA,McLaren Ford,55.0,1974
2,Clay RegazzoniREG,SUI,Ferrari,52.0,1974
3,Jody ScheckterSCH,RSA,Tyrrell Ford,45.0,1974
4,Niki LaudaLAU,AUT,Ferrari,38.0,1974
5,Ronnie PetersonPET,SWE,Lotus Ford,35.0,1974
6,Carlos ReutemannREU,ARG,Brabham Ford,32.0,1974
7,Denny HulmeHUL,NZL,McLaren Ford,20.0,1974
8,James HuntHUN,GBR,Hesketh Ford,15.0,1974
9,Patrick DepaillerDEP,FRA,Tyrrell Ford,14.0,1974
10,Jacky IckxICK,BEL,Lotus Ford,12.0,1974
10,Mike HailwoodHAI,GBR,McLaren Ford,12.0,1974
12,Carlos PacePAC,BRA,Brabham Ford,11.0,1974
13,Jean-Pierre BeltoiseBEL,FRA,BRM,10.0,1974
14,Jean-Pierre JarierJAR,FRA,Shadow Ford,6.0,1974
14,John WatsonWAT,GBR,Brabham Ford,6.0,1974
16,Hans-Joachim StuckSTU,GER,March Ford,5.0,1974
17,Arturo MerzarioMER,ITA,Iso Marlboro Ford,4.0,1974
18,Graham HillHIL,GBR,Lola Ford,1.0,1974
18,Tom PrycePRY,GBR,Shadow Ford,1.0,1974
18,Vittorio BrambillaBRA,ITA,March Ford,1.0,1974
1,Niki LaudaLAU,AUT,Ferrari,64.5,1975
2,Emerson FittipaldiFIT,BRA,McLaren Ford,45.0,1975
3,Carlos ReutemannREU,ARG,Brabham Ford,37.0,1975
4,James HuntHUN,GBR,Hesketh Ford,33.0,1975
5,Clay RegazzoniREG,SUI,Ferrari,25.0,1975
6,Carlos PacePAC,BRA,Brabham Ford,24.0,1975
7,Jody ScheckterSCH,RSA,Tyrrell Ford,20.0,1975
7,Jochen MassMAS,GER,McLaren Ford,20.0,1975
9,Patrick DepaillerDEP,FRA,Tyrrell Ford,12.0,1975
10,Tom PrycePRY,GBR,Shadow Ford,8.0,1975
11,Vittorio BrambillaBRA,ITA,March Ford,6.5,1975
12,Jacques LaffiteLAF,FRA,Frank Williams Racing Cars/Williams,6.0,1975
12,Ronnie PetersonPET,SWE,Lotus Ford,6.0,1975
14,Mario AndrettiAND,USA,Parnelli Ford,5.0,1975
15,Mark DonohueDON,USA,March Ford,4.0,1975
16,Jacky IckxICK,BEL,Lotus Ford,3.0,1975
17,Alan JonesJON,AUS,Hill Ford,2.0,1975
18,Jean-Pierre JarierJAR,FRA,Shadow Ford,1.5,1975
19,Tony BriseBRI,GBR,Hill Ford,1.0,1975
19,Gijs van LennepVAN,NED,Ensign Ford,1.0,1975
21,Lella LombardiLOM,ITA,Frank Williams Racing Cars/Williams,0.5,1975
1,James HuntHUN,GBR,McLaren Ford,69.0,1976
2,Niki LaudaLAU,AUT,Ferrari,68.0,1976
3,Jody ScheckterSCH,RSA,Tyrrell Ford,49.0,1976
4,Patrick DepaillerDEP,FRA,Tyrrell Ford,39.0,1976
5,Clay RegazzoniREG,SUI,Ferrari,31.0,1976
6,Mario AndrettiAND,USA,Lotus Ford,22.0,1976
7,John WatsonWAT,GBR,Penske Ford,20.0,1976
7,Jacques LaffiteLAF,FRA,Ligier Matra,20.0,1976
9,Jochen MassMAS,GER,McLaren Ford,19.0,1976
10,Gunnar NilssonNIL,SWE,Lotus Ford,11.0,1976
11,Ronnie PetersonPET,SWE,March Ford,10.0,1976
11,Tom PrycePRY,GBR,Shadow Ford,10.0,1976
13,Hans-Joachim StuckSTU,GER,March Ford,8.0,1976
14,Carlos PacePAC,BRA,Brabham Alfa Romeo,7.0,1976
14,Alan JonesJON,AUS,Surtees Ford,7.0,1976
16,Carlos ReutemannREU,ARG,Ferrari,3.0,1976
16,Emerson FittipaldiFIT,BRA,Fittipaldi Ford,3.0,1976
18,Chris AmonAMO,NZL,Wolf-Williams,2.0,1976
19,Rolf StommelenSTO,GER,Brabham Alfa Romeo,1.0,1976
19,Vittorio BrambillaBRA,ITA,March Ford,1.0,1976
1,Niki LaudaLAU,AUT,Ferrari,72.0,1977
2,Jody ScheckterSCH,RSA,Wolf Ford,55.0,1977
3,Mario AndrettiAND,USA,Lotus Ford,47.0,1977
4,Carlos ReutemannREU,ARG,Ferrari,42.0,1977
5,James HuntHUN,GBR,McLaren Ford,40.0,1977
6,Jochen MassMAS,GER,McLaren Ford,25.0,1977
7,Alan JonesJON,AUS,Shadow Ford,22.0,1977
8,Gunnar NilssonNIL,SWE,Lotus Ford,20.0,1977
8,Patrick DepaillerDEP,FRA,Tyrrell Ford,20.0,1977
10,Jacques LaffiteLAF,FRA,Ligier Matra,18.0,1977
11,Hans-Joachim StuckSTU,GER,Brabham Alfa Romeo,12.0,1977
12,Emerson FittipaldiFIT,BRA,Fittipaldi Ford,11.0,1977
13,John WatsonWAT,GBR,Brabham Alfa Romeo,9.0,1977
14,Ronnie PetersonPET,SWE,Tyrrell Ford,7.0,1977
15,Carlos PacePAC,BRA,Brabham Alfa Romeo,6.0,1977
15,Vittorio BrambillaBRA,ITA,Surtees Ford,6.0,1977
17,Patrick TambayTAM,FRA,Ensign Ford,5.0,1977
17,Clay RegazzoniREG,SUI,Ensign Ford,5.0,1977
19,Renzo ZorziZOR,ITA,Shadow Ford,1.0,1977
19,Jean-Pierre JarierJAR,FRA,Ligier Matra,1.0,1977
19,Riccardo PatresePAT,ITA,Shadow Ford,1.0,1977
1,Mario AndrettiAND,USA,Lotus Ford,64.0,1978
2,Ronnie PetersonPET,SWE,Lotus Ford,51.0,1978
3,Carlos ReutemannREU,ARG,Ferrari,48.0,1978
4,Niki LaudaLAU,AUT,Brabham Alfa Romeo,44.0,1978
5,Patrick DepaillerDEP,FRA,Tyrrell Ford,34.0,1978
6,John WatsonWAT,GBR,Brabham Alfa Romeo,25.0,1978
7,Jody ScheckterSCH,RSA,Wolf Ford,24.0,1978
8,Jacques LaffiteLAF,FRA,Ligier Matra,19.0,1978
9,Gilles VilleneuveVIL,CAN,Ferrari,17.0,1978
9,Emerson FittipaldiFIT,BRA,Fittipaldi Ford,17.0,1978
11,Alan JonesJON,AUS,Williams Ford,11.0,1978
11,Riccardo PatresePAT,ITA,Arrows Ford,11.0,1978
13,James HuntHUN,GBR,McLaren Ford,8.0,1978
13,Patrick TambayTAM,FRA,McLaren Ford,8.0,1978
15,Didier PironiPIR,FRA,Tyrrell Ford,7.0,1978
16,Clay RegazzoniREG,SUI,Shadow Ford,4.0,1978
17,Jean-Pierre JabouilleJAB,FRA,Renault,3.0,1978
18,Hans-Joachim StuckSTU,GER,Shadow Ford,2.0,1978
19,Hector RebaqueREB,MEX,Lotus Ford,1.0,1978
19,Vittorio BrambillaBRA,ITA,Surtees Ford,1.0,1978
19,Derek DalyDAL,IRL,Ensign Ford,1.0,1978
1,Jody ScheckterSCH,RSA,Ferrari,51.0,1979
2,Gilles VilleneuveVIL,CAN,Ferrari,47.0,1979
3,Alan JonesJON,AUS,Williams Ford,40.0,1979
4,Jacques LaffiteLAF,FRA,Ligier Ford,36.0,1979
5,Clay RegazzoniREG,SUI,Williams Ford,29.0,1979
6,Patrick DepaillerDEP,FRA,Ligier Ford,20.0,1979
6,Carlos ReutemannREU,ARG,Lotus Ford,20.0,1979
8,Rene ArnouxARN,FRA,Renault,17.0,1979
9,John WatsonWAT,GBR,McLaren Ford,15.0,1979
10,Didier PironiPIR,FRA,Tyrrell Ford,14.0,1979
10,Jean-Pierre JarierJAR,FRA,Tyrrell Ford,14.0,1979
10,Mario AndrettiAND,USA,Lotus Ford,14.0,1979
13,Jean-Pierre JabouilleJAB,FRA,Renault,9.0,1979
14,Niki LaudaLAU,AUT,Brabham Ford,4.0,1979
15,Nelson PiquetPIQ,BRA,Brabham Ford,3.0,1979
15,Elio de AngelisDEA,ITA,Shadow Ford,3.0,1979
15,Jacky IckxICK,BEL,Ligier Ford,3.0,1979
15,Jochen MassMAS,GER,Arrows Ford,3.0,1979
19,Riccardo PatresePAT,ITA,Arrows Ford,2.0,1979
19,Hans-Joachim StuckSTU,GER,ATS Ford,2.0,1979
21,Emerson FittipaldiFIT,BRA,Fittipaldi Ford,1.0,1979
1,Alan JonesJON,AUS,Williams Ford,67.0,1980
2,Nelson PiquetPIQ,BRA,Brabham Ford,54.0,1980
3,Carlos ReutemannREU,ARG,Williams Ford,42.0,1980
4,Jacques LaffiteLAF,FRA,Ligier Ford,34.0,1980
5,Didier PironiPIR,FRA,Ligier Ford,32.0,1980
6,Rene ArnouxARN,FRA,Renault,29.0,1980
7,Elio de AngelisDEA,ITA,Lotus Ford,13.0,1980
8,Jean-Pierre JabouilleJAB,FRA,Renault,9.0,1980
9,Riccardo PatresePAT,ITA,Arrows Ford,7.0,1980
10,Keke RosbergROS,FIN,Fittipaldi Ford,6.0,1980
10,Derek DalyDAL,IRL,Tyrrell Ford,6.0,1980
10,John WatsonWAT,GBR,McLaren Ford,6.0,1980
10,Jean-Pierre JarierJAR,FRA,Tyrrell Ford,6.0,1980
10,Gilles VilleneuveVIL,CAN,Ferrari,6.0,1980
15,Emerson FittipaldiFIT,BRA,Fittipaldi Ford,5.0,1980
15,Alain ProstPRO,FRA,McLaren Ford,5.0,1980
17,Jochen MassMAS,GER,Arrows Ford,4.0,1980
17,Bruno GiacomelliGIA,ITA,Alfa Romeo,4.0,1980
19,Jody ScheckterSCH,RSA,Ferrari,2.0,1980
20,Hector RebaqueREB,MEX,Brabham Ford,1.0,1980
20,Mario AndrettiAND,USA,Lotus Ford,1.0,1980
1,Nelson PiquetPIQ,BRA,Brabham Ford,50.0,1981
2,Carlos ReutemannREU,ARG,Williams Ford,49.0,1981
3,Alan JonesJON,AUS,Williams Ford,46.0,1981
4,Jacques LaffiteLAF,FRA,Ligier Matra,44.0,1981
5,Alain ProstPRO,FRA,Renault,43.0,1981
6,John WatsonWAT,GBR,McLaren Ford,27.0,1981
7,Gilles VilleneuveVIL,CAN,Ferrari,25.0,1981
8,Elio de AngelisDEA,ITA,Lotus Ford,14.0,1981
9,Rene ArnouxARN,FRA,Renault,11.0,1981
9,Hector RebaqueREB,MEX,Brabham Ford,11.0,1981
11,Riccardo PatresePAT,ITA,Arrows Ford,10.0,1981
11,Eddie CheeverCHE,USA,Tyrrell Ford,10.0,1981
13,Didier PironiPIR,FRA,Ferrari,9.0,1981
14,Nigel MansellMAN,GBR,Lotus Ford,8.0,1981
15,Bruno GiacomelliGIA,ITA,Alfa Romeo,7.0,1981
16,Marc SurerSUR,SUI,Theodore Ford,4.0,1981
17,Mario AndrettiAND,USA,Alfa Romeo,3.0,1981
18,Patrick TambayTAM,FRA,Ligier Matra,1.0,1981
18,Andrea de CesarisDEC,ITA,McLaren Ford,1.0,1981
18,Slim BorguddBOR,SWE,ATS Ford,1.0,1981
18,Eliseo SalazarSAL,CHI,Ensign Ford,1.0,1981
1,Keke RosbergROS,FIN,Williams Ford,44.0,1982
2,Didier PironiPIR,FRA,Ferrari,39.0,1982
2,John WatsonWAT,GBR,McLaren Ford,39.0,1982
4,Alain ProstPRO,FRA,Renault,34.0,1982
5,Niki LaudaLAU,AUT,McLaren Ford,30.0,1982
6,Rene ArnouxARN,FRA,Renault,28.0,1982
7,Patrick TambayTAM,FRA,Ferrari,25.0,1982
7,Michele AlboretoALB,ITA,Tyrrell Ford,25.0,1982
9,Elio de AngelisDEA,ITA,Lotus Ford,23.0,1982
10,Riccardo PatresePAT,ITA,Brabham BMW,21.0,1982
11,Nelson PiquetPIQ,BRA,Brabham BMW,20.0,1982
12,Eddie CheeverCHE,USA,Ligier Matra,15.0,1982
13,Derek DalyDAL,IRL,Williams Ford,8.0,1982
14,Nigel MansellMAN,GBR,Lotus Ford,7.0,1982
15,Carlos ReutemannREU,ARG,Williams Ford,6.0,1982
15,Gilles VilleneuveVIL,CAN,Ferrari,6.0,1982
17,Andrea de CesarisDEC,ITA,Alfa Romeo,5.0,1982
17,Jacques LaffiteLAF,FRA,Ligier Matra,5.0,1982
19,Mario AndrettiAND,USA,Ferrari,4.0,1982
20,Jean-Pierre JarierJAR,FRA,Osella Ford,3.0,1982
20,Marc SurerSUR,SUI,Arrows Ford,3.0,1982
22,Manfred WinkelhockWIN,GER,ATS Ford,2.0,1982
22,Eliseo SalazarSAL,CHI,ATS Ford,2.0,1982
22,Bruno GiacomelliGIA,ITA,Alfa Romeo,2.0,1982
22,Mauro BaldiBAL,ITA,Arrows Ford,2.0,1982
26,Chico SerraSER,BRA,Fittipaldi Ford,1.0,1982
1,Nelson PiquetPIQ,BRA,Brabham BMW,59.0,1983
2,Alain ProstPRO,FRA,Renault,57.0,1983
3,Rene ArnouxARN,FRA,Ferrari,49.0,1983
4,Patrick TambayTAM,FRA,Ferrari,40.0,1983
5,Keke RosbergROS,FIN,Williams Honda,27.0,1983
6,John WatsonWAT,GBR,McLaren Ford,22.0,1983
7,Eddie CheeverCHE,USA,Renault,22.0,1983
8,Andrea de CesarisDEC,ITA,Alfa Romeo,15.0,1983
9,Riccardo PatresePAT,ITA,Brabham BMW,13.0,1983
10,Niki LaudaLAU,AUT,McLaren TAG,12.0,1983
11,Jacques LaffiteLAF,FRA,Williams Honda,11.0,1983
12,Michele AlboretoALB,ITA,Tyrrell Ford,10.0,1983
13,Nigel MansellMAN,GBR,Lotus Renault,10.0,1983
14,Derek WarwickWAR,GBR,Toleman Hart,9.0,1983
15,Marc SurerSUR,SUI,Arrows Ford,4.0,1983
16,Mauro BaldiBAL,ITA,Alfa Romeo,3.0,1983
17,Elio de AngelisDEA,ITA,Lotus Renault,2.0,1983
18,Danny SullivanSUL,USA,Tyrrell Ford,2.0,1983
19,Bruno GiacomelliGIA,ITA,Toleman Hart,1.0,1983
20,Johnny CecottoCEC,VEN,Theodore Ford,1.0,1983
1,Niki LaudaLAU,AUT,McLaren TAG,72.0,1984
2,Alain ProstPRO,FRA,McLaren TAG,71.5,1984
3,Elio de AngelisDEA,ITA,Lotus Renault,34.0,1984
4,Michele AlboretoALB,ITA,Ferrari,30.5,1984
5,Nelson PiquetPIQ,BRA,Brabham BMW,29.0,1984
6,Rene ArnouxARN,FRA,Ferrari,27.0,1984
7,Derek WarwickWAR,GBR,Renault,23.0,1984
8,Keke RosbergROS,FIN,Williams Honda,20.5,1984
9,Ayrton SennaSEN,BRA,Toleman Hart,13.0,1984
10,Nigel MansellMAN,GBR,Lotus Renault,13.0,1984
11,Patrick TambayTAM,FRA,Renault,11.0,1984
12,Teo FabiFAB,ITA,Brabham BMW,9.0,1984
13,Riccardo PatresePAT,ITA,Alfa Romeo,8.0,1984
14,Jacques LaffiteLAF,FRA,Williams Honda,5.0,1984
15,Thierry BoutsenBOU,BEL,Arrows BMW,5.0,1984
16,Eddie CheeverCHE,USA,Alfa Romeo,3.0,1984
17,Stefan JohanssonJOH,SWE,Toleman Hart,3.0,1984
18,Andrea de CesarisDEC,ITA,Ligier Renault,3.0,1984
19,Piercarlo GhinzaniGHI,ITA,Osella Alfa Romeo,2.0,1984
20,Marc SurerSUR,SUI,Arrows BMW,1.0,1984
1,Alain ProstPRO,FRA,McLaren TAG,73.0,1985
2,Michele AlboretoALB,ITA,Ferrari,53.0,1985
3,Keke RosbergROS,FIN,Williams Honda,40.0,1985
4,Ayrton SennaSEN,BRA,Lotus Renault,38.0,1985
5,Elio de AngelisDEA,ITA,Lotus Renault,33.0,1985
6,Nigel MansellMAN,GBR,Williams Honda,31.0,1985
7,Stefan JohanssonJOH,SWE,Ferrari,26.0,1985
8,Nelson PiquetPIQ,BRA,Brabham BMW,21.0,1985
9,Jacques LaffiteLAF,FRA,Ligier Renault,16.0,1985
10,Niki LaudaLAU,AUT,McLaren TAG,14.0,1985
11,Thierry BoutsenBOU,BEL,Arrows BMW,11.0,1985
12,Patrick TambayTAM,FRA,Renault,11.0,1985
13,Marc SurerSUR,SUI,Brabham BMW,5.0,1985
14,Derek WarwickWAR,GBR,Renault,5.0,1985
15,Philippe StreiffSTR,FRA,Ligier Renault,4.0,1985
16,Stefan BellofBEL,GER,Tyrrell Renault,4.0,1985
17,Andrea de CesarisDEC,ITA,Ligier Renault,3.0,1985
18,Rene ArnouxARN,FRA,Ferrari,3.0,1985
19,Ivan CapelliCAP,ITA,Tyrrell Renault,3.0,1985
20,Gerhard BergerBER,AUT,Arrows BMW,3.0,1985
1,Alain ProstPRO,FRA,McLaren TAG,72.0,1986
2,Nigel MansellMAN,GBR,Williams Honda,70.0,1986
3,Nelson PiquetPIQ,BRA,Williams Honda,69.0,1986
4,Ayrton SennaSEN,BRA,Lotus Renault,55.0,1986
5,Stefan JohanssonJOH,SWE,Ferrari,23.0,1986
6,Keke RosbergROS,FIN,McLaren TAG,22.0,1986
7,Gerhard BergerBER,AUT,Benetton BMW,17.0,1986
8,Jacques LaffiteLAF,FRA,Ligier Renault,14.0,1986
9,Michele AlboretoALB,ITA,Ferrari,14.0,1986
10,Rene ArnouxARN,FRA,Ligier Renault,14.0,1986
11,Martin BrundleBRU,GBR,Tyrrell Renault,8.0,1986
12,Alan JonesJON,AUS,Lola Ford,4.0,1986
13,Johnny DumfriesDUM,GBR,Lotus Renault,3.0,1986
14,Philippe StreiffSTR,FRA,Tyrrell Renault,3.0,1986
15,Teo FabiFAB,ITA,Benetton BMW,2.0,1986
16,Patrick TambayTAM,FRA,Lola Ford,2.0,1986
17,Riccardo PatresePAT,ITA,Brabham BMW,2.0,1986
18,Philippe AlliotALL,FRA,Ligier Renault,1.0,1986
19,Christian DannerDAN,GER,Arrows BMW,1.0,1986
1,Nelson PiquetPIQ,BRA,Williams Honda,73.0,1987
2,Nigel MansellMAN,GBR,Williams Honda,61.0,1987
3,Ayrton SennaSEN,BRA,Lotus Honda,57.0,1987
4,Alain ProstPRO,FRA,McLaren TAG,46.0,1987
5,Gerhard BergerBER,AUT,Ferrari,36.0,1987
6,Stefan JohanssonJOH,SWE,McLaren TAG,30.0,1987
7,Michele AlboretoALB,ITA,Ferrari,17.0,1987
8,Thierry BoutsenBOU,BEL,Benetton Ford,16.0,1987
9,Teo FabiFAB,ITA,Benetton Ford,12.0,1987
10,Eddie CheeverCHE,USA,Arrows Megatron,8.0,1987
11,Jonathan PalmerPAL,GBR,Tyrrell Ford,7.0,1987
12,Satoru NakajimaNAK,JPN,Lotus Honda,7.0,1987
13,Riccardo PatresePAT,ITA,Williams Honda,6.0,1987
14,Andrea de CesarisDEC,ITA,Brabham BMW,4.0,1987
15,Philippe StreiffSTR,FRA,Tyrrell Ford,4.0,1987
16,Derek WarwickWAR,GBR,Arrows Megatron,3.0,1987
17,Philippe AlliotALL,FRA,Lola Ford,3.0,1987
18,Martin BrundleBRU,GBR,Zakspeed,2.0,1987
19,Rene ArnouxARN,FRA,Ligier Megatron,1.0,1987
20,Ivan CapelliCAP,ITA,March Ford,1.0,1987
21,Roberto MorenoMOR,BRA,AGS Ford,1.0,1987
1,Ayrton SennaSEN,BRA,McLaren Honda,90.0,1988
2,Alain ProstPRO,FRA,McLaren Honda,87.0,1988
3,Gerhard BergerBER,AUT,Ferrari,41.0,1988
4,Thierry BoutsenBOU,BEL,Benetton Ford,27.0,1988
5,Michele AlboretoALB,ITA,Ferrari,24.0,1988
6,Nelson PiquetPIQ,BRA,Lotus Honda,22.0,1988
7,Ivan CapelliCAP,ITA,March Judd,17.0,1988
8,Derek WarwickWAR,GBR,Arrows Megatron,17.0,1988
9,Nigel MansellMAN,GBR,Williams Judd,12.0,1988
10,Alessandro NanniniNAN,ITA,Benetton Ford,12.0,1988
11,Riccardo PatresePAT,ITA,Williams Judd,8.0,1988
12,Eddie CheeverCHE,USA,Arrows Megatron,6.0,1988
13,Mauricio GugelminGUG,BRA,March Judd,5.0,1988
14,Jonathan PalmerPAL,GBR,Tyrrell Ford,5.0,1988
15,Andrea de CesarisDEC,ITA,Rial Ford,3.0,1988
16,Pierluigi MartiniMAR,ITA,Minardi Ford,1.0,1988
17,Satoru NakajimaNAK,JPN,Lotus Honda,1.0,1988
1,Alain ProstPRO,FRA,McLaren Honda,76.0,1989
2,Ayrton SennaSEN,BRA,McLaren Honda,60.0,1989
3,Riccardo PatresePAT,ITA,Williams Renault,40.0,1989
4,Nigel MansellMAN,GBR,Ferrari,38.0,1989
5,Thierry BoutsenBOU,BEL,Williams Renault,37.0,1989
6,Alessandro NanniniNAN,ITA,Benetton Ford,32.0,1989
7,Gerhard BergerBER,AUT,Ferrari,21.0,1989
8,Nelson PiquetPIQ,BRA,Lotus Judd,12.0,1989
9,Jean AlesiALE,FRA,Tyrrell Ford,8.0,1989
10,Derek WarwickWAR,GBR,Arrows Ford,7.0,1989
11,Stefan JohanssonJOH,SWE,Onyx Ford,6.0,1989
11,Michele AlboretoALB,ITA,Lola Lamborghini,6.0,1989
11,Eddie CheeverCHE,USA,Arrows Ford,6.0,1989
14,Johnny HerbertHER,GBR,Tyrrell Ford,5.0,1989
15,Pierluigi MartiniMAR,ITA,Minardi Ford,5.0,1989
16,Andrea de CesarisDEC,ITA,Dallara Ford,4.0,1989
16,Mauricio GugelminGUG,BRA,March Judd,4.0,1989
16,Stefano ModenaMOD,ITA,Brabham Judd,4.0,1989
19,Alex CaffiCAF,ITA,Dallara Ford,4.0,1989
20,Martin BrundleBRU,GBR,Brabham Judd,4.0,1989
21,Christian DannerDAN,GER,Rial Ford,3.0,1989
21,Satoru NakajimaNAK,JPN,Lotus Judd,3.0,1989
23,Rene ArnouxARN,FRA,Ligier Ford,2.0,1989
23,Emanuele PirroPIR,ITA,Benetton Ford,2.0,1989
25,Jonathan PalmerPAL,GBR,Tyrrell Ford,2.0,1989
26,Gabriele TarquiniTAR,ITA,AGS Ford,1.0,1989
26,Philippe AlliotALL,FRA,Lola Lamborghini,1.0,1989
26,Olivier GrouillardGRO,FRA,Ligier Ford,1.0,1989
26,Luis Perez-SalaPER,ESP,Minardi Ford,1.0,1989
1,Ayrton SennaSEN,BRA,McLaren Honda,78.0,1990
2,Alain ProstPRO,FRA,Ferrari,71.0,1990
3,Nelson PiquetPIQ,BRA,Benetton Ford,43.0,1990
3,Gerhard BergerBER,AUT,McLaren Honda,43.0,1990
5,Nigel MansellMAN,GBR,Ferrari,37.0,1990
6,Thierry BoutsenBOU,BEL,Williams Renault,34.0,1990
7,Riccardo PatresePAT,ITA,Williams Renault,23.0,1990
8,Alessandro NanniniNAN,ITA,Benetton Ford,21.0,1990
9,Jean AlesiALE,FRA,Tyrrell Ford,13.0,1990
10,Ivan CapelliCAP,ITA,Leyton House Judd,6.0,1990
10,Roberto MorenoMOR,BRA,Benetton Ford,6.0,1990
12,Aguri SuzukiSUZ,JPN,Lola Lamborghini,6.0,1990
13,Eric BernardBER,FRA,Lola Lamborghini,5.0,1990
14,Derek WarwickWAR,GBR,Lotus Lamborghini,3.0,1990
15,Satoru NakajimaNAK,JPN,Tyrrell Ford,3.0,1990
16,Alex CaffiCAF,ITA,Arrows Ford,2.0,1990
16,Stefano ModenaMOD,ITA,Brabham Judd,2.0,1990
18,Mauricio GugelminGUG,BRA,Leyton House Judd,1.0,1990
1,Ayrton SennaSEN,BRA,McLaren Honda,96.0,1991
2,Nigel MansellMAN,GBR,Williams Renault,72.0,1991
3,Riccardo PatresePAT,ITA,Williams Renault,53.0,1991
4,Gerhard BergerBER,AUT,McLaren Honda,43.0,1991
5,Alain ProstPRO,FRA,Ferrari,34.0,1991
6,Nelson PiquetPIQ,BRA,Benetton Ford,26.5,1991
7,Jean AlesiALE,FRA,Ferrari,21.0,1991
8,Stefano ModenaMOD,ITA,Tyrrell Honda,10.0,1991
9,Andrea de CesarisDEC,ITA,Jordan Ford,9.0,1991
10,Roberto MorenoMOR,BRA,Minardi Ferrari,8.0,1991
11,Pierluigi MartiniMAR,ITA,Minardi Ferrari,6.0,1991
12,Jyrki JarvilehtoJAR,FIN,Dallara Judd,4.0,1991
12,Bertrand GachotGAC,FRA,Jordan Ford,4.0,1991
12,Michael SchumacherMSC,GER,Benetton Ford,4.0,1991
15,Mika HakkinenHAK,FIN,Lotus Judd,2.0,1991
15,Martin BrundleBRU,GBR,Brabham Yamaha,2.0,1991
15,Satoru NakajimaNAK,JPN,Tyrrell Honda,2.0,1991
18,Julian BaileyBAI,GBR,Lotus Judd,1.0,1991
18,Eric BernardBER,FRA,Lola Ford,1.0,1991
18,Ivan CapelliCAP,ITA,Leyton House Ilmor,1.0,1991
18,Aguri SuzukiSUZ,JPN,Lola Ford,1.0,1991
18,Emanuele PirroPIR,ITA,Dallara Judd,1.0,1991
18,Mark BlundellBLU,GBR,Brabham Yamaha,1.0,1991
24,Gianni MorbidelliMOR,ITA,Ferrari,0.5,1991
1,Nigel MansellMAN,GBR,Williams Renault,108.0,1992
2,Riccardo PatresePAT,ITA,Williams Renault,56.0,1992
3,Michael SchumacherMSC,GER,Benetton Ford,53.0,1992
4,Ayrton SennaSEN,BRA,McLaren Honda,50.0,1992
5,Gerhard BergerBER,AUT,McLaren Honda,49.0,1992
6,Martin BrundleBRU,GBR,Benetton Ford,38.0,1992
7,Jean AlesiALE,FRA,Ferrari,18.0,1992
8,Mika HakkinenHAK,FIN,Lotus Ford,11.0,1992
9,Andrea de CesarisDEC,ITA,Tyrrell Ilmor,8.0,1992
10,Michele AlboretoALB,ITA,Footwork Mugen Honda,6.0,1992
11,Erik ComasCOM,FRA,Ligier Renault,4.0,1992
12,Karl WendlingerWEN,AUT,March Ilmor,3.0,1992
12,Ivan CapelliCAP,ITA,Ferrari,3.0,1992
14,Thierry BoutsenBOU,BEL,Ligier Renault,2.0,1992
15,Pierluigi MartiniMAR,ITA,Dallara Ferrari,2.0,1992
16,Johnny HerbertHER,GBR,Lotus Ford,2.0,1992
17,Stefano ModenaMOD,ITA,Jordan Yamaha,1.0,1992
18,Christian FittipaldiFIT,BRA,Minardi Lamborghini,1.0,1992
19,Bertrand GachotGAC,FRA,Venturi Lamborghini,1.0,1992
1,Alain ProstPRO,FRA,Williams Renault,99.0,1993
2,Ayrton SennaSEN,BRA,McLaren Ford,73.0,1993
3,Damon HillHIL,GBR,Williams Renault,69.0,1993
4,Michael SchumacherMSC,GER,Benetton Ford,52.0,1993
5,Riccardo PatresePAT,ITA,Benetton Ford,20.0,1993
6,Jean AlesiALE,FRA,Ferrari,16.0,1993
7,Martin BrundleBRU,GBR,Ligier Renault,13.0,1993
8,Gerhard BergerBER,AUT,Ferrari,12.0,1993
9,Johnny HerbertHER,GBR,Lotus Ford,11.0,1993
10,Mark BlundellBLU,GBR,Ligier Renault,10.0,1993
11,Michael AndrettiAND,USA,McLaren Ford,7.0,1993
12,Karl WendlingerWEN,AUT,Sauber,7.0,1993
13,Christian FittipaldiFIT,BRA,Minardi Ford,5.0,1993
13,Jyrki JarvilehtoJAR,FIN,Sauber,5.0,1993
15,Mika HakkinenHAK,FIN,McLaren Ford,4.0,1993
16,Derek WarwickWAR,GBR,Footwork Mugen Honda,4.0,1993
17,Philippe AlliotALL,FRA,Larrousse Lamborghini,2.0,1993
17,Rubens BarrichelloBAR,BRA,Jordan Hart,2.0,1993
19,Fabrizio BarbazzaBAR,ITA,Minardi Ford,2.0,1993
20,Alessandro ZanardiZAN,ITA,Lotus Ford,1.0,1993
20,Erik ComasCOM,FRA,Larrousse Lamborghini,1.0,1993
20,Eddie IrvineIRV,GBR,Jordan Hart,1.0,1993
1,Michael SchumacherMSC,GER,Benetton Ford,92.0,1994
2,Damon HillHIL,GBR,Williams Renault,91.0,1994
3,Gerhard BergerBER,AUT,Ferrari,41.0,1994
4,Mika HakkinenHAK,FIN,McLaren Peugeot,26.0,1994
5,Jean AlesiALE,FRA,Ferrari,24.0,1994
6,Rubens BarrichelloBAR,BRA,Jordan Hart,19.0,1994
7,Martin BrundleBRU,GBR,McLaren Peugeot,16.0,1994
8,David CoulthardCOU,GBR,Williams Renault,14.0,1994
9,Nigel MansellMAN,GBR,Williams Renault,13.0,1994
10,Jos VerstappenVER,NED,Benetton Ford,10.0,1994
11,Olivier PanisPAN,FRA,Ligier Renault,9.0,1994
12,Mark BlundellBLU,GBR,Tyrrell Yamaha,8.0,1994
13,Heinz-Harald FrentzenFRE,GER,Sauber Mercedes,7.0,1994
14,Nicola LariniLAR,ITA,Ferrari,6.0,1994
15,Christian FittipaldiFIT,BRA,Footwork Ford,6.0,1994
16,Eddie IrvineIRV,GBR,Jordan Hart,6.0,1994
17,Ukyo KatayamaKAT,JPN,Tyrrell Yamaha,5.0,1994
18,Eric BernardBER,FRA,Lotus Mugen Honda,4.0,1994
19,Karl WendlingerWEN,AUT,Sauber Mercedes,4.0,1994
20,Andrea de CesarisDEC,ITA,Sauber Mercedes,4.0,1994
21,Pierluigi MartiniMAR,ITA,Minardi Ford,4.0,1994
22,Gianni MorbidelliMOR,ITA,Footwork Ford,3.0,1994
23,Erik ComasCOM,FRA,Larrousse Ford,2.0,1994
24,Michele AlboretoALB,ITA,Minardi Ford,1.0,1994
25,Jyrki JarvilehtoJAR,FIN,Sauber Mercedes,1.0,1994
1,Michael SchumacherMSC,GER,Benetton Renault,102.0,1995
2,Damon HillHIL,GBR,Williams Renault,69.0,1995
3,David CoulthardCOU,GBR,Williams Renault,49.0,1995
4,Johnny HerbertHER,GBR,Benetton Renault,45.0,1995
5,Jean AlesiALE,FRA,Ferrari,42.0,1995
6,Gerhard BergerBER,AUT,Ferrari,31.0,1995
7,Mika HakkinenHAK,FIN,McLaren Mercedes,17.0,1995
8,Olivier PanisPAN,FRA,Ligier Mugen Honda,16.0,1995
9,Heinz-Harald FrentzenFRE,GER,Sauber Ford,15.0,1995
10,Mark BlundellBLU,GBR,McLaren Mercedes,13.0,1995
11,Rubens BarrichelloBAR,BRA,Jordan Peugeot,11.0,1995
12,Eddie IrvineIRV,GBR,Jordan Peugeot,10.0,1995
13,Martin BrundleBRU,GBR,Ligier Mugen Honda,7.0,1995
14,Gianni MorbidelliMOR,ITA,Footwork Hart,5.0,1995
15,Mika SaloSAL,FIN,Tyrrell Yamaha,5.0,1995
16,Jean-Christophe BoullionBOU,FRA,Sauber Ford,3.0,1995
17,Aguri SuzukiSUZ,JPN,Ligier Mugen Honda,1.0,1995
18,Pedro LamyLAM,POR,Minardi Ford,1.0,1995
1,Damon HillHIL,GBR,Williams Renault,97.0,1996
2,Jacques VilleneuveVIL,CAN,Williams Renault,78.0,1996
3,Michael SchumacherMSC,GER,Ferrari,59.0,1996
4,Jean AlesiALE,FRA,Benetton Renault,47.0,1996
5,Mika HakkinenHAK,FIN,McLaren Mercedes,31.0,1996
6,Gerhard BergerBER,AUT,Benetton Renault,21.0,1996
7,David CoulthardCOU,GBR,McLaren Mercedes,18.0,1996
8,Rubens BarrichelloBAR,BRA,Jordan Peugeot,14.0,1996
9,Olivier PanisPAN,FRA,Ligier Mugen Honda,13.0,1996
10,Eddie IrvineIRV,GBR,Ferrari,11.0,1996
11,Martin BrundleBRU,GBR,Jordan Peugeot,8.0,1996
12,Heinz-Harald FrentzenFRE,GER,Sauber Ford,7.0,1996
13,Mika SaloSAL,FIN,Tyrrell Yamaha,5.0,1996
14,Johnny HerbertHER,GBR,Sauber Ford,4.0,1996
15,Pedro DinizDIN,BRA,Ligier Mugen Honda,2.0,1996
16,Jos VerstappenVER,NED,Footwork Hart,1.0,1996
1,Jacques VilleneuveVIL,CAN,Williams Renault,81.0,1997
DQ,Michael SchumacherMSC,GER,Ferrari,78.0,1997
2,Heinz-Harald FrentzenFRE,GER,Williams Renault,42.0,1997
3,David CoulthardCOU,GBR,McLaren Mercedes,36.0,1997
4,Jean AlesiALE,FRA,Benetton Renault,36.0,1997
5,Gerhard BergerBER,AUT,Benetton Renault,27.0,1997
6,Mika HakkinenHAK,FIN,McLaren Mercedes,27.0,1997
7,Eddie IrvineIRV,GBR,Ferrari,24.0,1997
8,Giancarlo FisichellaFIS,ITA,Jordan Peugeot,20.0,1997
9,Olivier PanisPAN,FRA,Prost Mugen Honda,16.0,1997
10,Johnny HerbertHER,GBR,Sauber Petronas,15.0,1997
11,Ralf SchumacherRSC,GER,Jordan Peugeot,13.0,1997
12,Damon HillHIL,GBR,Arrows Yamaha,7.0,1997
13,Rubens BarrichelloBAR,BRA,Stewart Ford,6.0,1997
14,Alexander WurzWUR,AUT,Benetton Renault,4.0,1997
15,Jarno TrulliTRU,ITA,Prost Mugen Honda,3.0,1997
16,Mika SaloSAL,FIN,Tyrrell Ford,2.0,1997
17,Pedro DinizDIN,BRA,Arrows Yamaha,2.0,1997
18,Shinji NakanoNAK,JPN,Prost Mugen Honda,2.0,1997
19,Nicola LariniLAR,ITA,Sauber Petronas,1.0,1997
1,Mika HakkinenHAK,FIN,McLaren Mercedes,100.0,1998
2,Michael SchumacherMSC,GER,Ferrari,86.0,1998
3,David CoulthardCOU,GBR,McLaren Mercedes,56.0,1998
4,Eddie IrvineIRV,GBR,Ferrari,47.0,1998
5,Jacques VilleneuveVIL,CAN,Williams Mecachrome,21.0,1998
6,Damon HillHIL,GBR,Jordan Mugen Honda,20.0,1998
7,Heinz-Harald FrentzenFRE,GER,Williams Mecachrome,17.0,1998
8,Alexander WurzWUR,AUT,Benetton Playlife,17.0,1998
9,Giancarlo FisichellaFIS,ITA,Benetton Playlife,16.0,1998
10,Ralf SchumacherRSC,GER,Jordan Mugen Honda,14.0,1998
11,Jean AlesiALE,FRA,Sauber Petronas,9.0,1998
12,Rubens BarrichelloBAR,BRA,Stewart Ford,4.0,1998
13,Mika SaloSAL,FIN,Arrows,3.0,1998
14,Pedro DinizDIN,BRA,Arrows,3.0,1998
15,Johnny HerbertHER,GBR,Sauber Petronas,1.0,1998
16,Jan MagnussenMAG,DEN,Stewart Ford,1.0,1998
17,Jarno TrulliTRU,ITA,Prost Peugeot,1.0,1998
18,Ricardo RossetROS,BRA,Tyrrell Ford,0.0,1998
19,Olivier PanisPAN,FRA,Prost Peugeot,0.0,1998
20,Toranosuke TakagiTAK,JPN,Tyrrell Ford,0.0,1998
21,Shinji NakanoNAK,JPN,Minardi Ford,0.0,1998
22,Esteban TueroTUE,ARG,Minardi Ford,0.0,1998
23,Jos VerstappenVER,NED,Stewart Ford,0.0,1998
1,Mika HakkinenHAK,FIN,McLaren Mercedes,76.0,1999
2,Eddie IrvineIRV,GBR,Ferrari,74.0,1999
3,Heinz-Harald FrentzenFRE,GER,Jordan Mugen Honda,54.0,1999
4,David CoulthardCOU,GBR,McLaren Mercedes,48.0,1999
5,Michael SchumacherMSC,GER,Ferrari,44.0,1999
6,Ralf SchumacherRSC,GER,Williams Supertec,35.0,1999
7,Rubens BarrichelloBAR,BRA,Stewart Ford,21.0,1999
8,Johnny HerbertHER,GBR,Stewart Ford,15.0,1999
9,Giancarlo FisichellaFIS,ITA,Benetton Playlife,13.0,1999
10,Mika SaloSAL,FIN,Ferrari,10.0,1999
11,Jarno TrulliTRU,ITA,Prost Peugeot,7.0,1999
12,Damon HillHIL,GBR,Jordan Mugen Honda,7.0,1999
13,Alexander WurzWUR,AUT,Benetton Playlife,3.0,1999
14,Pedro DinizDIN,BRA,Sauber Petronas,3.0,1999
15,Olivier PanisPAN,FRA,Prost Peugeot,2.0,1999
16,Jean AlesiALE,FRA,Sauber Petronas,2.0,1999
17,Pedro de la RosaDLR,ESP,Arrows,1.0,1999
18,Marc GeneGEN,ESP,Minardi Ford,1.0,1999
1,Michael SchumacherMSC,GER,Ferrari,108.0,2000
2,Mika HakkinenHAK,FIN,McLaren Mercedes,89.0,2000
3,David CoulthardCOU,GBR,McLaren Mercedes,73.0,2000
4,Rubens BarrichelloBAR,BRA,Ferrari,62.0,2000
5,Ralf SchumacherRSC,GER,Williams BMW,24.0,2000
6,Giancarlo FisichellaFIS,ITA,Benetton Playlife,18.0,2000
7,Jacques VilleneuveVIL,CAN,BAR Honda,17.0,2000
8,Jenson ButtonBUT,GBR,Williams BMW,12.0,2000
9,Heinz-Harald FrentzenFRE,GER,Jordan Mugen Honda,11.0,2000
10,Jarno TrulliTRU,ITA,Jordan Mugen Honda,6.0,2000
11,Mika SaloSAL,FIN,Sauber Petronas,6.0,2000
12,Jos VerstappenVER,NED,Arrows Supertec,5.0,2000
13,Eddie IrvineIRV,GBR,Jaguar Cosworth,4.0,2000
14,Ricardo ZontaZON,BRA,BAR Honda,3.0,2000
15,Alexander WurzWUR,AUT,Benetton Playlife,2.0,2000
16,Pedro de la RosaDLR,ESP,Arrows Supertec,2.0,2000
17,Pedro DinizDIN,BRA,Sauber Petronas,0.0,2000
18,Johnny HerbertHER,GBR,Jaguar Cosworth,0.0,2000
19,Marc GeneGEN,ESP,Minardi Fondmetal,0.0,2000
20,Gaston MazzacaneMAZ,ARG,Minardi Fondmetal,0.0,2000
21,Nick HeidfeldHEI,GER,Prost Peugeot,0.0,2000
22,Jean AlesiALE,FRA,Prost Peugeot,0.0,2000
23,Luciano BurtiBUR,BRA,Jaguar Cosworth,0.0,2000
1,Michael SchumacherMSC,GER,Ferrari,123.0,2001
2,David CoulthardCOU,GBR,McLaren Mercedes,65.0,2001
3,Rubens BarrichelloBAR,BRA,Ferrari,56.0,2001
4,Ralf SchumacherRSC,GER,Williams BMW,49.0,2001
5,Mika HakkinenHAK,FIN,McLaren Mercedes,37.0,2001
6,Juan Pablo MontoyaMOY,COL,Williams BMW,31.0,2001
7,Jacques VilleneuveVIL,CAN,BAR Honda,12.0,2001
8,Nick HeidfeldHEI,GER,Sauber Petronas,12.0,2001
9,Jarno TrulliTRU,ITA,Jordan Honda,12.0,2001
10,Kimi RäikkönenRAI,FIN,Sauber Petronas,9.0,2001
11,Giancarlo FisichellaFIS,ITA,Benetton Renault,8.0,2001
12,Eddie IrvineIRV,GBR,Jaguar Cosworth,6.0,2001
13,Heinz-Harald FrentzenFRE,GER,Prost Acer,6.0,2001
14,Olivier PanisPAN,FRA,BAR Honda,5.0,2001
15,Jean AlesiALE,FRA,Jordan Honda,5.0,2001
16,Pedro de la RosaDLR,ESP,Jaguar Cosworth,3.0,2001
17,Jenson ButtonBUT,GBR,Benetton Renault,2.0,2001
18,Jos VerstappenVER,NED,Arrows Asiatech,1.0,2001
1,Michael SchumacherMSC,GER,Ferrari,144.0,2002
2,Rubens BarrichelloBAR,BRA,Ferrari,77.0,2002
3,Juan Pablo MontoyaMOY,COL,Williams BMW,50.0,2002
4,Ralf SchumacherRSC,GER,Williams BMW,42.0,2002
5,David CoulthardCOU,GBR,McLaren Mercedes,41.0,2002
6,Kimi RäikkönenRAI,FIN,McLaren Mercedes,24.0,2002
7,Jenson ButtonBUT,GBR,Renault,14.0,2002
8,Jarno TrulliTRU,ITA,Renault,9.0,2002
9,Eddie IrvineIRV,GBR,Jaguar Cosworth,8.0,2002
10,Nick HeidfeldHEI,GER,Sauber Petronas,7.0,2002
11,Giancarlo FisichellaFIS,ITA,Jordan Honda,7.0,2002
12,Jacques VilleneuveVIL,CAN,BAR Honda,4.0,2002
13,Felipe MassaMAS,BRA,Sauber Petronas,4.0,2002
14,Olivier PanisPAN,FRA,BAR Honda,3.0,2002
15,Takuma SatoSAT,JPN,Jordan Honda,2.0,2002
16,Mark WebberWEB,AUS,Minardi Asiatech,2.0,2002
17,Mika SaloSAL,FIN,Toyota,2.0,2002
18,Heinz-Harald FrentzenFRE,GER,Sauber Petronas,2.0,2002
19,Allan McNishMCN,GBR,Toyota,0.0,2002
20,Alex YoongYOO,MAS,Minardi Asiatech,0.0,2002
21,Pedro de la RosaDLR,ESP,Jaguar Cosworth,0.0,2002
22,Enrique BernoldiBER,BRA,Arrows Cosworth,0.0,2002
1,Michael SchumacherMSC,GER,Ferrari,93.0,2003
2,Kimi RäikkönenRAI,FIN,McLaren Mercedes,91.0,2003
3,Juan Pablo MontoyaMOY,COL,Williams BMW,82.0,2003
4,Rubens BarrichelloBAR,BRA,Ferrari,65.0,2003
5,Ralf SchumacherRSC,GER,Williams BMW,58.0,2003
6,Fernando AlonsoALO,ESP,Renault,55.0,2003
7,David CoulthardCOU,GBR,McLaren Mercedes,51.0,2003
8,Jarno TrulliTRU,ITA,Renault,33.0,2003
9,Jenson ButtonBUT,GBR,BAR Honda,17.0,2003
10,Mark WebberWEB,AUS,Jaguar Cosworth,17.0,2003
11,Heinz-Harald FrentzenFRE,GER,Sauber Petronas,13.0,2003
12,Giancarlo FisichellaFIS,ITA,Jordan Ford,12.0,2003
13,Cristiano da MattaDAM,BRA,Toyota,10.0,2003
14,Nick HeidfeldHEI,GER,Sauber Petronas,6.0,2003
15,Olivier PanisPAN,FRA,Toyota,6.0,2003
16,Jacques VilleneuveVIL,CAN,BAR Honda,6.0,2003
17,Marc GeneGEN,ESP,Williams BMW,4.0,2003
18,Takuma SatoSAT,JPN,BAR Honda,3.0,2003
19,Ralph FirmanFIR,IRL,Jordan Ford,1.0,2003
20,Justin WilsonWIL,GBR,Jaguar Cosworth,1.0,2003
21,Antonio PizzoniaPIZ,BRA,Jaguar Cosworth,0.0,2003
22,Jos VerstappenVER,NED,Minardi Cosworth,0.0,2003
23,Nicolas KiesaKIE,DEN,Minardi Cosworth,0.0,2003
24,Zsolt BaumgartnerBAU,HUN,Jordan Ford,0.0,2003
1,Michael SchumacherMSC,GER,Ferrari,148.0,2004
2,Rubens BarrichelloBAR,BRA,Ferrari,114.0,2004
3,Jenson ButtonBUT,GBR,BAR Honda,85.0,2004
4,Fernando AlonsoALO,ESP,Renault,59.0,2004
5,Juan Pablo MontoyaMOY,COL,Williams BMW,58.0,2004
6,Jarno TrulliTRU,ITA,Toyota,46.0,2004
7,Kimi RäikkönenRAI,FIN,McLaren Mercedes,45.0,2004
8,Takuma SatoSAT,JPN,BAR Honda,34.0,2004
9,Ralf SchumacherRSC,GER,Williams BMW,24.0,2004
10,David CoulthardCOU,GBR,McLaren Mercedes,24.0,2004
11,Giancarlo FisichellaFIS,ITA,Sauber Petronas,22.0,2004
12,Felipe MassaMAS,BRA,Sauber Petronas,12.0,2004
13,Mark WebberWEB,AUS,Jaguar Cosworth,7.0,2004
14,Olivier PanisPAN,FRA,Toyota,6.0,2004
15,Antonio PizzoniaPIZ,BRA,Williams BMW,6.0,2004
16,Christian KlienKLI,AUT,Jaguar Cosworth,3.0,2004
17,Cristiano da MattaDAM,BRA,Toyota,3.0,2004
18,Nick HeidfeldHEI,GER,Jordan Ford,3.0,2004
19,Timo GlockGLO,GER,Jordan Ford,2.0,2004
20,Zsolt BaumgartnerBAU,HUN,Minardi Cosworth,1.0,2004
21,Jacques VilleneuveVIL,CAN,Renault,0.0,2004
22,Ricardo ZontaZON,BRA,Toyota,0.0,2004
23,Marc GeneGEN,ESP,Williams BMW,0.0,2004
24,Giorgio PantanoPAN,ITA,Jordan Ford,0.0,2004
25,Gianmaria BruniBRU,ITA,Minardi Cosworth,0.0,2004
1,Fernando AlonsoALO,ESP,Renault,133.0,2005
2,Kimi RäikkönenRAI,FIN,McLaren Mercedes,112.0,2005
3,Michael SchumacherMSC,GER,Ferrari,62.0,2005
4,Juan Pablo MontoyaMOY,COL,McLaren Mercedes,60.0,2005
5,Giancarlo FisichellaFIS,ITA,Renault,58.0,2005
6,Ralf SchumacherRSC,GER,Toyota,45.0,2005
7,Jarno TrulliTRU,ITA,Toyota,43.0,2005
8,Rubens BarrichelloBAR,BRA,Ferrari,38.0,2005
9,Jenson ButtonBUT,GBR,BAR Honda,37.0,2005
10,Mark WebberWEB,AUS,Williams BMW,36.0,2005
11,Nick HeidfeldHEI,GER,Williams BMW,28.0,2005
12,David CoulthardCOU,GBR,RBR Cosworth,24.0,2005
13,Felipe MassaMAS,BRA,Sauber Petronas,11.0,2005
14,Jacques VilleneuveVIL,CAN,Sauber Petronas,9.0,2005
15,Christian KlienKLI,AUT,RBR Cosworth,9.0,2005
16,Tiago MonteiroMON,POR,Jordan Toyota,7.0,2005
17,Alexander WurzWUR,AUT,McLaren Mercedes,6.0,2005
18,Narain KarthikeyanKAR,IND,Jordan Toyota,5.0,2005
19,Christijan AlbersALB,NED,Minardi Cosworth,4.0,2005
20,Pedro de la RosaDLR,ESP,McLaren Mercedes,4.0,2005
21,Patrick Friesacher FRI,AUT,Minardi Cosworth,3.0,2005
22,Antonio PizzoniaPIZ,BRA,Williams BMW,2.0,2005
23,Takuma SatoSAT,JPN,BAR Honda,1.0,2005
24,Vitantonio LiuzziLIU,ITA,RBR Cosworth,1.0,2005
25,Robert DoornbosDOO,MON,Minardi Cosworth,0.0,2005
1,Fernando AlonsoALO,ESP,Renault,134.0,2006
2,Michael SchumacherMSC,GER,Ferrari,121.0,2006
3,Felipe MassaMAS,BRA,Ferrari,80.0,2006
4,Giancarlo FisichellaFIS,ITA,Renault,72.0,2006
5,Kimi RäikkönenRAI,FIN,McLaren Mercedes,65.0,2006
6,Jenson ButtonBUT,GBR,Honda,56.0,2006
7,Rubens BarrichelloBAR,BRA,Honda,30.0,2006
8,Juan Pablo MontoyaMOY,COL,McLaren Mercedes,26.0,2006
9,Nick HeidfeldHEI,GER,Sauber BMW,23.0,2006
10,Ralf SchumacherRSC,GER,Toyota,20.0,2006
11,Pedro de la RosaDLR,ESP,McLaren Mercedes,19.0,2006
12,Jarno TrulliTRU,ITA,Toyota,15.0,2006
13,David CoulthardCOU,GBR,RBR Ferrari,14.0,2006
14,Mark WebberWEB,AUS,Williams Cosworth,7.0,2006
15,Jacques VilleneuveVIL,CAN,Sauber BMW,7.0,2006
16,Robert KubicaKUB,POL,Sauber BMW,6.0,2006
17,Nico RosbergROS,GER,Williams Cosworth,4.0,2006
18,Christian KlienKLI,AUT,RBR Ferrari,2.0,2006
19,Vitantonio LiuzziLIU,ITA,STR Cosworth,1.0,2006
20,Scott SpeedSPE,USA,STR Cosworth,0.0,2006
21,Tiago MonteiroMON,POR,MF1 Toyota,0.0,2006
22,Christijan AlbersALB,NED,MF1 Toyota,0.0,2006
23,Takuma SatoSAT,JPN,Super Aguri Honda,0.0,2006
24,Robert DoornbosDOO,NED,RBR Ferrari,0.0,2006
25,Yuji IdeIDE,JPN,Super Aguri Honda,0.0,2006
26,Sakon YamamotoYAM,JPN,Super Aguri Honda,0.0,2006
27,Franck MontagnyMON,FRA,Super Aguri Honda,0.0,2006
1,Kimi RäikkönenRAI,FIN,Ferrari,110.0,2007
2,Lewis HamiltonHAM,GBR,McLaren Mercedes,109.0,2007
3,Fernando AlonsoALO,ESP,McLaren Mercedes,109.0,2007
4,Felipe MassaMAS,BRA,Ferrari,94.0,2007
5,Nick HeidfeldHEI,GER,Sauber BMW,61.0,2007
6,Robert KubicaKUB,POL,Sauber BMW,39.0,2007
7,Heikki KovalainenKOV,FIN,Renault,30.0,2007
8,Giancarlo FisichellaFIS,ITA,Renault,21.0,2007
9,Nico RosbergROS,GER,Williams Toyota,20.0,2007
10,David CoulthardCOU,GBR,Red Bull Renault,14.0,2007
11,Alexander WurzWUR,AUT,Williams Toyota,13.0,2007
12,Mark WebberWEB,AUS,Red Bull Renault,10.0,2007
13,Jarno TrulliTRU,ITA,Toyota,8.0,2007
14,Sebastian VettelVET,GER,STR Ferrari,6.0,2007
15,Jenson ButtonBUT,GBR,Honda,6.0,2007
16,Ralf SchumacherRSC,GER,Toyota,5.0,2007
17,Takuma SatoSAT,JPN,Super Aguri Honda,4.0,2007
18,Vitantonio LiuzziLIU,ITA,STR Ferrari,3.0,2007
19,Adrian SutilSUT,GER,Spyker Ferrari,1.0,2007
20,Rubens BarrichelloBAR,BRA,Honda,0.0,2007
21,Scott SpeedSPE,USA,STR Ferrari,0.0,2007
22,Kazuki NakajimaNAK,JPN,Williams Toyota,0.0,2007
23,Anthony DavidsonDAV,GBR,Super Aguri Honda,0.0,2007
24,Sakon YamamotoYAM,JPN,Spyker Ferrari,0.0,2007
25,Christijan AlbersALB,NED,Spyker Ferrari,0.0,2007
1,Lewis HamiltonHAM,GBR,McLaren Mercedes,98.0,2008
2,Felipe MassaMAS,BRA,Ferrari,97.0,2008
3,Kimi RäikkönenRAI,FIN,Ferrari,75.0,2008
4,Robert KubicaKUB,POL,Sauber BMW,75.0,2008
5,Fernando AlonsoALO,ESP,Renault,61.0,2008
6,Nick HeidfeldHEI,GER,Sauber BMW,60.0,2008
7,Heikki KovalainenKOV,FIN,McLaren Mercedes,53.0,2008
8,Sebastian VettelVET,GER,STR Ferrari,35.0,2008
9,Jarno TrulliTRU,ITA,Toyota,31.0,2008
10,Timo GlockGLO,GER,Toyota,25.0,2008
11,Mark WebberWEB,AUS,Red Bull Renault,21.0,2008
12,Nelson PiquetPIQ,BRA,Renault,19.0,2008
13,Nico RosbergROS,GER,Williams Toyota,17.0,2008
14,Rubens BarrichelloBAR,BRA,Honda,11.0,2008
15,Kazuki NakajimaNAK,JPN,Williams Toyota,9.0,2008
16,David CoulthardCOU,GBR,Red Bull Renault,8.0,2008
17,Sebastien BourdaisBOU,FRA,STR Ferrari,4.0,2008
18,Jenson ButtonBUT,GBR,Honda,3.0,2008
19,Giancarlo FisichellaFIS,ITA,Force India Ferrari,0.0,2008
20,Adrian SutilSUT,GER,Force India Ferrari,0.0,2008
21,Takuma SatoSAT,JPN,Super Aguri Honda,0.0,2008
22,Anthony DavidsonDAV,GBR,Super Aguri Honda,0.0,2008
1,Jenson ButtonBUT,GBR,Brawn Mercedes,95.0,2009
2,Sebastian VettelVET,GER,RBR Renault,84.0,2009
3,Rubens BarrichelloBAR,BRA,Brawn Mercedes,77.0,2009
4,Mark WebberWEB,AUS,RBR Renault,69.5,2009
5,Lewis HamiltonHAM,GBR,McLaren Mercedes,49.0,2009
6,Kimi RäikkönenRAI,FIN,Ferrari,48.0,2009
7,Nico RosbergROS,GER,Williams Toyota,34.5,2009
8,Jarno TrulliTRU,ITA,Toyota,32.5,2009
9,Fernando AlonsoALO,ESP,Renault,26.0,2009
10,Timo GlockGLO,GER,Toyota,24.0,2009
11,Felipe MassaMAS,BRA,Ferrari,22.0,2009
12,Heikki KovalainenKOV,FIN,McLaren Mercedes,22.0,2009
13,Nick HeidfeldHEI,GER,Sauber BMW,19.0,2009
14,Robert KubicaKUB,POL,Sauber BMW,17.0,2009
15,Giancarlo FisichellaFIS,ITA,Ferrari,8.0,2009
16,Sebastien BuemiBUE,SUI,STR Ferrari,6.0,2009
17,Adrian SutilSUT,GER,Force India Mercedes,5.0,2009
18,Kamui KobayashiKOB,JPN,Toyota,3.0,2009
19,Sebastien BourdaisBOU,FRA,STR Ferrari,2.0,2009
20,Kazuki NakajimaNAK,JPN,Williams Toyota,0.0,2009
21,Nelson PiquetPIQ,BRA,Renault,0.0,2009
22,Vitantonio LiuzziLIU,ITA,Force India Mercedes,0.0,2009
23,Romain GrosjeanGRO,FRA,Renault,0.0,2009
24,Jaime AlguersuariALG,ESP,STR Ferrari,0.0,2009
25,Luca BadoerBAD,ITA,Ferrari,0.0,2009
1,Sebastian VettelVET,GER,RBR Renault,256.0,2010
2,Fernando AlonsoALO,ESP,Ferrari,252.0,2010
3,Mark WebberWEB,AUS,RBR Renault,242.0,2010
4,Lewis HamiltonHAM,GBR,McLaren Mercedes,240.0,2010
5,Jenson ButtonBUT,GBR,McLaren Mercedes,214.0,2010
6,Felipe MassaMAS,BRA,Ferrari,144.0,2010
7,Nico RosbergROS,GER,Mercedes,142.0,2010
8,Robert KubicaKUB,POL,Renault,136.0,2010
9,Michael SchumacherMSC,GER,Mercedes,72.0,2010
10,Rubens BarrichelloBAR,BRA,Williams Cosworth,47.0,2010
11,Adrian SutilSUT,GER,Force India Mercedes,47.0,2010
12,Kamui KobayashiKOB,JPN,Sauber Ferrari,32.0,2010
13,Vitaly PetrovPET,RUS,Renault,27.0,2010
14,Nico HulkenbergHUL,GER,Williams Cosworth,22.0,2010
15,Vitantonio LiuzziLIU,ITA,Force India Mercedes,21.0,2010
16,Sebastien BuemiBUE,SUI,STR Ferrari,8.0,2010
17,Pedro de la RosaDLR,ESP,Sauber Ferrari,6.0,2010
18,Nick HeidfeldHEI,GER,Sauber Ferrari,6.0,2010
19,Jaime AlguersuariALG,ESP,STR Ferrari,5.0,2010
20,Heikki KovalainenKOV,FIN,Lotus Cosworth,0.0,2010
21,Jarno TrulliTRU,ITA,Lotus Cosworth,0.0,2010
22,Karun ChandhokCHD,IND,HRT Cosworth,0.0,2010
23,Bruno SennaSEN,BRA,HRT Cosworth,0.0,2010
24,Lucas di GrassiDIG,BRA,Virgin Cosworth,0.0,2010
25,Timo GlockGLO,GER,Virgin Cosworth,0.0,2010
26,Sakon YamamotoYAM,JPN,HRT Cosworth,0.0,2010
27,Christian KlienKLI,AUT,HRT Cosworth,0.0,2010
1,Sebastian VettelVET,GER,Red Bull Racing Renault,392.0,2011
2,Jenson ButtonBUT,GBR,McLaren Mercedes,270.0,2011
3,Mark WebberWEB,AUS,Red Bull Racing Renault,258.0,2011
4,Fernando AlonsoALO,ESP,Ferrari,257.0,2011
5,Lewis HamiltonHAM,GBR,McLaren Mercedes,227.0,2011
6,Felipe MassaMAS,BRA,Ferrari,118.0,2011
7,Nico RosbergROS,GER,Mercedes,89.0,2011
8,Michael SchumacherMSC,GER,Mercedes,76.0,2011
9,Adrian SutilSUT,GER,Force India Mercedes,42.0,2011
10,Vitaly PetrovPET,RUS,Renault,37.0,2011
11,Nick HeidfeldHEI,GER,Renault,34.0,2011
12,Kamui KobayashiKOB,JPN,Sauber Ferrari,30.0,2011
13,Paul di RestaDIR,GBR,Force India Mercedes,27.0,2011
14,Jaime AlguersuariALG,ESP,STR Ferrari,26.0,2011
15,Sebastien BuemiBUE,SUI,STR Ferrari,15.0,2011
16,Sergio PerezPER,MEX,Sauber Ferrari,14.0,2011
17,Rubens BarrichelloBAR,BRA,Williams Cosworth,4.0,2011
18,Bruno SennaSEN,BRA,Renault,2.0,2011
19,Pastor MaldonadoMAL,VEN,Williams Cosworth,1.0,2011
20,Pedro de la RosaDLR,ESP,Sauber Ferrari,0.0,2011
21,Jarno TrulliTRU,ITA,Lotus Renault,0.0,2011
22,Heikki KovalainenKOV,FIN,Lotus Renault,0.0,2011
23,Vitantonio LiuzziLIU,ITA,HRT Cosworth,0.0,2011
24,Jerome d'AmbrosioDAM,BEL,Virgin Cosworth,0.0,2011
25,Timo GlockGLO,GER,Virgin Cosworth,0.0,2011
26,Narain KarthikeyanKAR,IND,HRT Cosworth,0.0,2011
27,Daniel RicciardoRIC,AUS,HRT Cosworth,0.0,2011
28,Karun ChandhokCHD,IND,Lotus Renault,0.0,2011
1,Sebastian VettelVET,GER,Red Bull Racing Renault,281.0,2012
2,Fernando AlonsoALO,ESP,Ferrari,278.0,2012
3,Kimi RäikkönenRAI,FIN,Lotus Renault,207.0,2012
4,Lewis HamiltonHAM,GBR,McLaren Mercedes,190.0,2012
5,Jenson ButtonBUT,GBR,McLaren Mercedes,188.0,2012
6,Mark WebberWEB,AUS,Red Bull Racing Renault,179.0,2012
7,Felipe MassaMAS,BRA,Ferrari,122.0,2012
8,Romain GrosjeanGRO,FRA,Lotus Renault,96.0,2012
9,Nico RosbergROS,GER,Mercedes,93.0,2012
10,Sergio PerezPER,MEX,Sauber Ferrari,66.0,2012
11,Nico HulkenbergHUL,GER,Force India Mercedes,63.0,2012
12,Kamui KobayashiKOB,JPN,Sauber Ferrari,60.0,2012
13,Michael SchumacherMSC,GER,Mercedes,49.0,2012
14,Paul di RestaDIR,GBR,Force India Mercedes,46.0,2012
15,Pastor MaldonadoMAL,VEN,Williams Renault,45.0,2012
16,Bruno SennaSEN,BRA,Williams Renault,31.0,2012
17,Jean-Eric VergneVER,FRA,STR Ferrari,16.0,2012
18,Daniel RicciardoRIC,AUS,STR Ferrari,10.0,2012
19,Vitaly PetrovPET,RUS,Caterham Renault,0.0,2012
20,Timo GlockGLO,GER,Marussia Cosworth,0.0,2012
21,Charles PicPIC,FRA,Marussia Cosworth,0.0,2012
22,Heikki KovalainenKOV,FIN,Caterham Renault,0.0,2012
23,Jerome d'AmbrosioDAM,BEL,Lotus Renault,0.0,2012
24,Narain KarthikeyanKAR,IND,HRT Cosworth,0.0,2012
25,Pedro de la RosaDLR,ESP,HRT Cosworth,0.0,2012
1,Sebastian VettelVET,GER,Red Bull Racing Renault,397.0,2013
2,Fernando AlonsoALO,ESP,Ferrari,242.0,2013
3,Mark WebberWEB,AUS,Red Bull Racing Renault,199.0,2013
4,Lewis HamiltonHAM,GBR,Mercedes,189.0,2013
5,Kimi RäikkönenRAI,FIN,Lotus Renault,183.0,2013
6,Nico RosbergROS,GER,Mercedes,171.0,2013
7,Romain GrosjeanGRO,FRA,Lotus Renault,132.0,2013
8,Felipe MassaMAS,BRA,Ferrari,112.0,2013
9,Jenson ButtonBUT,GBR,McLaren Mercedes,73.0,2013
10,Nico HulkenbergHUL,GER,Sauber Ferrari,51.0,2013
11,Sergio PerezPER,MEX,McLaren Mercedes,49.0,2013
12,Paul di RestaDIR,GBR,Force India Mercedes,48.0,2013
13,Adrian SutilSUT,GER,Force India Mercedes,29.0,2013
14,Daniel RicciardoRIC,AUS,STR Ferrari,20.0,2013
15,Jean-Eric VergneVER,FRA,STR Ferrari,13.0,2013
16,Esteban Gutierrez GUT,MEX,Sauber Ferrari,6.0,2013
17,Valtteri BottasBOT,FIN,Williams Renault,4.0,2013
18,Pastor MaldonadoMAL,VEN,Williams Renault,1.0,2013
19,Jules BianchiBIA,FRA,Marussia Cosworth,0.0,2013
20,Charles PicPIC,FRA,Caterham Renault,0.0,2013
21,Heikki KovalainenKOV,FIN,Lotus Renault,0.0,2013
22,Giedo van der GardeVDG,NED,Caterham Renault,0.0,2013
23,Max ChiltonCHI,GBR,Marussia Cosworth,0.0,2013
1,Lewis HamiltonHAM,GBR,Mercedes,384.0,2014
2,Nico RosbergROS,GER,Mercedes,317.0,2014
3,Daniel RicciardoRIC,AUS,Red Bull Racing Renault,238.0,2014
4,Valtteri BottasBOT,FIN,Williams Mercedes,186.0,2014
5,Sebastian VettelVET,GER,Red Bull Racing Renault,167.0,2014
6,Fernando AlonsoALO,ESP,Ferrari,161.0,2014
7,Felipe MassaMAS,BRA,Williams Mercedes,134.0,2014
8,Jenson ButtonBUT,GBR,McLaren Mercedes,126.0,2014
9,Nico HulkenbergHUL,GER,Force India Mercedes,96.0,2014
10,Sergio PerezPER,MEX,Force India Mercedes,59.0,2014
11,Kevin MagnussenMAG,DEN,McLaren Mercedes,55.0,2014
12,Kimi RäikkönenRAI,FIN,Ferrari,55.0,2014
13,Jean-Eric VergneVER,FRA,STR Renault,22.0,2014
14,Romain GrosjeanGRO,FRA,Lotus Renault,8.0,2014
15,Daniil KvyatKVY,RUS,STR Renault,8.0,2014
16,Pastor MaldonadoMAL,VEN,Lotus Renault,2.0,2014
17,Jules BianchiBIA,FRA,Marussia Ferrari,2.0,2014
18,Adrian SutilSUT,GER,Sauber Ferrari,0.0,2014
19,Marcus EricssonERI,SWE,Caterham Renault,0.0,2014
20,Esteban Gutierrez GUT,MEX,Sauber Ferrari,0.0,2014
21,Max ChiltonCHI,GBR,Marussia Ferrari,0.0,2014
22,Kamui KobayashiKOB,JPN,Caterham Renault,0.0,2014
23,Will StevensSTE,GBR,Caterham Renault,0.0,2014
1,Lewis HamiltonHAM,GBR,Mercedes,381.0,2015
2,Nico RosbergROS,GER,Mercedes,322.0,2015
3,Sebastian VettelVET,GER,Ferrari,278.0,2015
4,Kimi RäikkönenRAI,FIN,Ferrari,150.0,2015
5,Valtteri BottasBOT,FIN,Williams Mercedes,136.0,2015
6,Felipe MassaMAS,BRA,Williams Mercedes,121.0,2015
7,Daniil KvyatKVY,RUS,Red Bull Racing Renault,95.0,2015
8,Daniel RicciardoRIC,AUS,Red Bull Racing Renault,92.0,2015
9,Sergio PerezPER,MEX,Force India Mercedes,78.0,2015
10,Nico HulkenbergHUL,GER,Force India Mercedes,58.0,2015
11,Romain GrosjeanGRO,FRA,Lotus Mercedes,51.0,2015
12,Max VerstappenVER,NED,STR Renault,49.0,2015
13,Felipe NasrNAS,BRA,Sauber Ferrari,27.0,2015
14,Pastor MaldonadoMAL,VEN,Lotus Mercedes,27.0,2015
15,Carlos SainzSAI,ESP,STR Renault,18.0,2015
16,Jenson ButtonBUT,GBR,McLaren Honda,16.0,2015
17,Fernando AlonsoALO,ESP,McLaren Honda,11.0,2015
18,Marcus EricssonERI,SWE,Sauber Ferrari,9.0,2015
19,Roberto MerhiMER,ESP,Marussia Ferrari,0.0,2015
20,Alexander RossiRSI,USA,Marussia Ferrari,0.0,2015
21,Will StevensSTE,GBR,Marussia Ferrari,0.0,2015
1,Nico RosbergROS,GER,Mercedes,385.0,2016
2,Lewis HamiltonHAM,GBR,Mercedes,380.0,2016
3,Daniel RicciardoRIC,AUS,Red Bull Racing TAG Heuer,256.0,2016
4,Sebastian VettelVET,GER,Ferrari,212.0,2016
5,Max VerstappenVER,NED,Red Bull Racing TAG Heuer,204.0,2016
6,Kimi RäikkönenRAI,FIN,Ferrari,186.0,2016
7,Sergio PerezPER,MEX,Force India Mercedes,101.0,2016
8,Valtteri BottasBOT,FIN,Williams Mercedes,85.0,2016
9,Nico HulkenbergHUL,GER,Force India Mercedes,72.0,2016
10,Fernando AlonsoALO,ESP,McLaren Honda,54.0,2016
11,Felipe MassaMAS,BRA,Williams Mercedes,53.0,2016
12,Carlos SainzSAI,ESP,Toro Rosso Ferrari,46.0,2016
13,Romain GrosjeanGRO,FRA,Haas Ferrari,29.0,2016
14,Daniil KvyatKVY,RUS,Toro Rosso Ferrari,25.0,2016
15,Jenson ButtonBUT,GBR,McLaren Honda,21.0,2016
16,Kevin MagnussenMAG,DEN,Renault,7.0,2016
17,Felipe NasrNAS,BRA,Sauber Ferrari,2.0,2016
18,Jolyon PalmerPAL,GBR,Renault,1.0,2016
19,Pascal WehrleinWEH,GER,MRT Mercedes,1.0,2016
20,Stoffel VandoorneVAN,BEL,McLaren Honda,1.0,2016
21,Esteban Gutierrez GUT,MEX,Haas Ferrari,0.0,2016
22,Marcus EricssonERI,SWE,Sauber Ferrari,0.0,2016
23,Esteban OconOCO,FRA,MRT Mercedes,0.0,2016
24,Rio HaryantoHAR,INA,MRT Mercedes,0.0,2016
1,Lewis HamiltonHAM,GBR,Mercedes,363.0,2017
2,Sebastian VettelVET,GER,Ferrari,317.0,2017
3,Valtteri BottasBOT,FIN,Mercedes,305.0,2017
4,Kimi RäikkönenRAI,FIN,Ferrari,205.0,2017
5,Daniel RicciardoRIC,AUS,Red Bull Racing TAG Heuer,200.0,2017
6,Max VerstappenVER,NED,Red Bull Racing TAG Heuer,168.0,2017
7,Sergio PerezPER,MEX,Force India Mercedes,100.0,2017
8,Esteban OconOCO,FRA,Force India Mercedes,87.0,2017
9,Carlos SainzSAI,ESP,Renault,54.0,2017
10,Nico HulkenbergHUL,GER,Renault,43.0,2017
11,Felipe MassaMAS,BRA,Williams Mercedes,43.0,2017
12,Lance StrollSTR,CAN,Williams Mercedes,40.0,2017
13,Romain GrosjeanGRO,FRA,Haas Ferrari,28.0,2017
14,Kevin MagnussenMAG,DEN,Haas Ferrari,19.0,2017
15,Fernando AlonsoALO,ESP,McLaren Honda,17.0,2017
16,Stoffel VandoorneVAN,BEL,McLaren Honda,13.0,2017
17,Jolyon PalmerPAL,GBR,Renault,8.0,2017
18,Pascal WehrleinWEH,GER,Sauber Ferrari,5.0,2017
19,Daniil KvyatKVY,RUS,Toro Rosso,5.0,2017
20,Marcus EricssonERI,SWE,Sauber Ferrari,0.0,2017
21,Pierre GaslyGAS,FRA,Toro Rosso,0.0,2017
22,Antonio GiovinazziGIO,ITA,Sauber Ferrari,0.0,2017
23,Brendon HartleyHAR,NZL,Toro Rosso,0.0,2017
1,Lewis HamiltonHAM,GBR,Mercedes,408.0,2018
2,Sebastian VettelVET,GER,Ferrari,320.0,2018
3,Kimi RäikkönenRAI,FIN,Ferrari,251.0,2018
4,Max VerstappenVER,NED,Red Bull Racing TAG Heuer,249.0,2018
5,Valtteri BottasBOT,FIN,Mercedes,247.0,2018
6,Daniel RicciardoRIC,AUS,Red Bull Racing TAG Heuer,170.0,2018
7,Nico HulkenbergHUL,GER,Renault,69.0,2018
8,Sergio PerezPER,MEX,Force India Mercedes,62.0,2018
9,Kevin MagnussenMAG,DEN,Haas Ferrari,56.0,2018
10,Carlos SainzSAI,ESP,Renault,53.0,2018
11,Fernando AlonsoALO,ESP,McLaren Renault,50.0,2018
12,Esteban OconOCO,FRA,Force India Mercedes,49.0,2018
13,Charles LeclercLEC,MON,Sauber Ferrari,39.0,2018
14,Romain GrosjeanGRO,FRA,Haas Ferrari,37.0,2018
15,Pierre GaslyGAS,FRA,Scuderia Toro Rosso Honda,29.0,2018
16,Stoffel VandoorneVAN,BEL,McLaren Renault,12.0,2018
17,Marcus EricssonERI,SWE,Sauber Ferrari,9.0,2018
18,Lance StrollSTR,CAN,Williams Mercedes,6.0,2018
19,Brendon HartleyHAR,NZL,Scuderia Toro Rosso Honda,4.0,2018
20,Sergey SirotkinSIR,RUS,Williams Mercedes,1.0,2018
1,Lewis HamiltonHAM,GBR,Mercedes,413.0,2019
2,Valtteri BottasBOT,FIN,Mercedes,326.0,2019
3,Max VerstappenVER,NED,Red Bull Racing Honda,278.0,2019
4,Charles LeclercLEC,MON,Ferrari,264.0,2019
5,Sebastian VettelVET,GER,Ferrari,240.0,2019
6,Carlos SainzSAI,ESP,McLaren Renault,96.0,2019
7,Pierre GaslyGAS,FRA,Scuderia Toro Rosso Honda,95.0,2019
8,Alexander AlbonALB,THA,Red Bull Racing Honda,92.0,2019
9,Daniel RicciardoRIC,AUS,Renault,54.0,2019
10,Sergio PerezPER,MEX,Racing Point BWT Mercedes,52.0,2019
11,Lando NorrisNOR,GBR,McLaren Renault,49.0,2019
12,Kimi RäikkönenRAI,FIN,Alfa Romeo Racing Ferrari,43.0,2019
13,Daniil KvyatKVY,RUS,Scuderia Toro Rosso Honda,37.0,2019
14,Nico HulkenbergHUL,GER,Renault,37.0,2019
15,Lance StrollSTR,CAN,Racing Point BWT Mercedes,21.0,2019
16,Kevin MagnussenMAG,DEN,Haas Ferrari,20.0,2019
17,Antonio GiovinazziGIO,ITA,Alfa Romeo Racing Ferrari,14.0,2019
18,Romain GrosjeanGRO,FRA,Haas Ferrari,8.0,2019
19,Robert KubicaKUB,POL,Williams Mercedes,1.0,2019
20,George RussellRUS,GBR,Williams Mercedes,0.0,2019
1,Lewis HamiltonHAM,GBR,Mercedes,347.0,2020
2,Valtteri BottasBOT,FIN,Mercedes,223.0,2020
3,Max VerstappenVER,NED,Red Bull Racing Honda,214.0,2020
4,Sergio PerezPER,MEX,Racing Point BWT Mercedes,125.0,2020
5,Daniel RicciardoRIC,AUS,Renault,119.0,2020
6,Carlos SainzSAI,ESP,McLaren Renault,105.0,2020
7,Alexander AlbonALB,THA,Red Bull Racing Honda,105.0,2020
8,Charles LeclercLEC,MON,Ferrari,98.0,2020
9,Lando NorrisNOR,GBR,McLaren Renault,97.0,2020
10,Pierre GaslyGAS,FRA,AlphaTauri Honda,75.0,2020
11,Lance StrollSTR,CAN,Racing Point BWT Mercedes,75.0,2020
12,Esteban OconOCO,FRA,Renault,62.0,2020
13,Sebastian VettelVET,GER,Ferrari,33.0,2020
14,Daniil KvyatKVY,RUS,AlphaTauri Honda,32.0,2020
15,Nico HulkenbergHUL,GER,Racing Point BWT Mercedes,10.0,2020
16,Kimi RäikkönenRAI,FIN,Alfa Romeo Racing Ferrari,4.0,2020
17,Antonio GiovinazziGIO,ITA,Alfa Romeo Racing Ferrari,4.0,2020
18,George RussellRUS,GBR,Williams Mercedes,3.0,2020
19,Romain GrosjeanGRO,FRA,Haas Ferrari,2.0,2020
20,Kevin MagnussenMAG,DEN,Haas Ferrari,1.0,2020
21,Nicholas LatifiLAT,CAN,Williams Mercedes,0.0,2020
22,Jack AitkenAIT,GBR,Williams Mercedes,0.0,2020
23,Pietro FittipaldiFIT,BRA,Haas Ferrari,0.0,2020
1,Max VerstappenVER,NED,Red Bull Racing Honda,395.5,2021
2,Lewis HamiltonHAM,GBR,Mercedes,387.5,2021
3,Valtteri BottasBOT,FIN,Mercedes,226.0,2021
4,Sergio PerezPER,MEX,Red Bull Racing Honda,190.0,2021
5,Carlos SainzSAI,ESP,Ferrari,164.5,2021
6,Lando NorrisNOR,GBR,McLaren Mercedes,160.0,2021
7,Charles LeclercLEC,MON,Ferrari,159.0,2021
8,Daniel RicciardoRIC,AUS,McLaren Mercedes,115.0,2021
9,Pierre GaslyGAS,FRA,AlphaTauri Honda,110.0,2021
10,Fernando AlonsoALO,ESP,Alpine Renault,81.0,2021
11,Esteban OconOCO,FRA,Alpine Renault,74.0,2021
12,Sebastian VettelVET,GER,Aston Martin Mercedes,43.0,2021
13,Lance StrollSTR,CAN,Aston Martin Mercedes,34.0,2021
14,Yuki TsunodaTSU,JPN,AlphaTauri Honda,32.0,2021
15,George RussellRUS,GBR,Williams Mercedes,16.0,2021
16,Kimi RäikkönenRAI,FIN,Alfa Romeo Racing Ferrari,10.0,2021
17,Nicholas LatifiLAT,CAN,Williams Mercedes,7.0,2021
18,Antonio GiovinazziGIO,ITA,Alfa Romeo Racing Ferrari,3.0,2021
19,Mick SchumacherMSC,GER,Haas Ferrari,0.0,2021
20,Robert KubicaKUB,POL,Alfa Romeo Racing Ferrari,0.0,2021
21,Nikita MazepinMAZ,RAF,Haas Ferrari,0.0,2021
1,Max VerstappenVER,NED,Red Bull Racing RBPT,454.0,2022
2,Charles LeclercLEC,MON,Ferrari,308.0,2022
3,Sergio PerezPER,MEX,Red Bull Racing RBPT,305.0,2022
4,George RussellRUS,GBR,Mercedes,275.0,2022
5,Carlos SainzSAI,ESP,Ferrari,246.0,2022
6,Lewis HamiltonHAM,GBR,Mercedes,240.0,2022
7,Lando NorrisNOR,GBR,McLaren Mercedes,122.0,2022
8,Esteban OconOCO,FRA,Alpine Renault,92.0,2022
9,Fernando AlonsoALO,ESP,Alpine Renault,81.0,2022
10,Valtteri BottasBOT,FIN,Alfa Romeo Ferrari,49.0,2022
11,Daniel RicciardoRIC,AUS,McLaren Mercedes,37.0,2022
12,Sebastian VettelVET,GER,Aston Martin Aramco Mercedes,37.0,2022
13,Kevin MagnussenMAG,DEN,Haas Ferrari,25.0,2022
14,Pierre GaslyGAS,FRA,AlphaTauri RBPT,23.0,2022
15,Lance StrollSTR,CAN,Aston Martin Aramco Mercedes,18.0,2022
16,Mick SchumacherMSC,GER,Haas Ferrari,12.0,2022
17,Yuki TsunodaTSU,JPN,AlphaTauri RBPT,12.0,2022
18,Zhou GuanyuZHO,CHN,Alfa Romeo Ferrari,6.0,2022
19,Alexander AlbonALB,THA,Williams Mercedes,4.0,2022
20,Nicholas LatifiLAT,CAN,Williams Mercedes,2.0,2022
21,Nyck De VriesDEV,NED,Williams Mercedes,2.0,2022
22,Nico HulkenbergHUL,GER,Aston Martin Aramco Mercedes,0.0,2022
1,Max VerstappenVER,NED,Red Bull Racing Honda RBPT,575.0,2023
2,Sergio PerezPER,MEX,Red Bull Racing Honda RBPT,285.0,2023
3,Lewis HamiltonHAM,GBR,Mercedes,234.0,2023
4,Fernando AlonsoALO,ESP,Aston Martin Aramco Mercedes,206.0,2023
5,Charles LeclercLEC,MON,Ferrari,206.0,2023
6,Lando NorrisNOR,GBR,McLaren Mercedes,205.0,2023
7,Carlos SainzSAI,ESP,Ferrari,200.0,2023
8,George RussellRUS,GBR,Mercedes,175.0,2023
9,Oscar PiastriPIA,AUS,McLaren Mercedes,97.0,2023
10,Lance StrollSTR,CAN,Aston Martin Aramco Mercedes,74.0,2023
11,Pierre GaslyGAS,FRA,Alpine Renault,62.0,2023
12,Esteban OconOCO,FRA,Alpine Renault,58.0,2023
13,Alexander AlbonALB,THA,Williams Mercedes,27.0,2023
14,Yuki TsunodaTSU,JPN,AlphaTauri Honda RBPT,17.0,2023
15,Valtteri BottasBOT,FIN,Alfa Romeo Ferrari,10.0,2023
16,Nico HulkenbergHUL,GER,Haas Ferrari,9.0,2023
17,Daniel RicciardoRIC,AUS,AlphaTauri Honda RBPT,6.0,2023
18,Zhou GuanyuZHO,CHN,Alfa Romeo Ferrari,6.0,2023
19,Kevin MagnussenMAG,DEN,Haas Ferrari,3.0,2023
20,Liam LawsonLAW,NZL,AlphaTauri Honda RBPT,2.0,2023
21,Logan SargeantSAR,USA,Williams Mercedes,1.0,2023
22,Nyck De VriesDEV,NED,AlphaTauri Honda RBPT,0.0,2023
1,Max VerstappenVER,NED,Red Bull Racing Honda RBPT,437.0,2024
2,Lando NorrisNOR,GBR,McLaren Mercedes,374.0,2024
3,Charles LeclercLEC,MON,Ferrari,356.0,2024
4,Oscar PiastriPIA,AUS,McLaren Mercedes,292.0,2024
5,Carlos SainzSAI,ESP,Ferrari,290.0,2024
6,George RussellRUS,GBR,Mercedes,245.0,2024
7,Lewis HamiltonHAM,GBR,Mercedes,223.0,2024
8,Sergio PerezPER,MEX,Red Bull Racing Honda RBPT,152.0,2024
9,Fernando AlonsoALO,ESP,Aston Martin Aramco Mercedes,70.0,2024
10,Pierre GaslyGAS,FRA,Alpine Renault,42.0,2024
11,Nico HulkenbergHUL,GER,Haas Ferrari,41.0,2024
12,Yuki TsunodaTSU,JPN,RB Honda RBPT,30.0,2024
13,Lance StrollSTR,CAN,Aston Martin Aramco Mercedes,24.0,2024
14,Esteban OconOCO,FRA,Alpine Renault,23.0,2024
15,Kevin MagnussenMAG,DEN,Haas Ferrari,16.0,2024
16,Alexander AlbonALB,THA,Williams Mercedes,12.0,2024
17,Daniel RicciardoRIC,AUS,RB Honda RBPT,12.0,2024
18,Oliver BearmanBEA,GBR,Haas Ferrari,7.0,2024
19,Franco ColapintoCOL,ARG,Williams Mercedes,5.0,2024
20,Zhou GuanyuZHO,CHN,Kick Sauber Ferrari,4.0,2024
21,Liam LawsonLAW,NZL,RB Honda RBPT,4.0,2024
22,Valtteri BottasBOT,FIN,Kick Sauber Ferrari,0.0,2024
23,Logan SargeantSAR,USA,Williams Mercedes,0.0,2024
24,Jack DoohanDOO,AUS,Alpine Renault,0.0,2024
1,Lando NorrisNOR,GBR,McLaren Mercedes,25.0,2025
2,Max VerstappenVER,NED,Red Bull Racing Honda RBPT,18.0,2025
3,George RussellRUS,GBR,Mercedes,15.0,2025
4,Andrea Kimi AntonelliANT,ITA,Mercedes,12.0,2025
5,Alexander AlbonALB,THA,Williams Mercedes,10.0,2025
6,Lance StrollSTR,CAN,Aston Martin Aramco Mercedes,8.0,2025
7,Nico HulkenbergHUL,GER,Kick Sauber Ferrari,6.0,2025
8,Charles LeclercLEC,MON,Ferrari,4.0,2025
9,Oscar PiastriPIA,AUS,McLaren Mercedes,2.0,2025
10,Lewis HamiltonHAM,GBR,Ferrari,1.0,2025
11,Pierre GaslyGAS,FRA,Alpine Renault,0.0,2025
12,Yuki TsunodaTSU,JPN,Racing Bulls Honda RBPT,0.0,2025
13,Esteban OconOCO,FRA,Haas Ferrari,0.0,2025
14,Oliver BearmanBEA,GBR,Haas Ferrari,0.0,2025
