Grand Prix,Driver,Car,Time,Year
Great Britain,Nino FarinaFAR,Alfa Romeo,1:50.600,1950
Monaco,Juan Manuel FangioFAN,Alfa Romeo,1:51.000,1950
Indianapolis,Johnnie ParsonsPAR,Kurtis Kraft Offenhauser,,1950
Switzerland,Nino FarinaFAR,Alfa Romeo,2:41.600,1950
Belgium,Nino FarinaFAR,Alfa Romeo,4:34.100,1950
France,Juan Manuel FangioFAN,Alfa Romeo,2:35.600,1950
Italy,Juan Manuel FangioFAN,Alfa Romeo,2:00.000,1950
Switzerland,Juan Manuel FangioFAN,Alfa Romeo,2:51.100,1951
Indianapolis,Lee WallardWAL,Kurtis Kraft Offenhauser,1:07.260,1951
Belgium,Juan Manuel FangioFAN,Alfa Romeo,4:22.100,1951
France,Juan Manuel FangioFAN,Alfa Romeo,2:27.800,1951
Great Britain,Nino FarinaFAR,Alfa Romeo,1:44.000,1951
Germany,Juan Manuel FangioFAN,Alfa Romeo,9:55.800,1951
Italy,Nino FarinaFAR,Alfa Romeo,1:56.500,1951
Spain,Juan Manuel FangioFAN,Alfa Romeo,2:16.930,1951
Switzerland,Piero TaruffiTAR,Ferrari,2:49.100,1952
Indianapolis,Bill Vukovich VUK,Kurtis Kraft Offenhauser,1:06.600,1952
Belgium,Alberto AscariASC,Ferrari,4:55.000,1952
France,Alberto AscariASC,Ferrari,2:17.300,1952
Great Britain,Alberto AscariASC,Ferrari,1:52.000,1952
Germany,Alberto AscariASC,Ferrari,10:05.100,1952
Netherlands,Alberto AscariASC,Ferrari,1:49.800,1952
Italy,Alberto AscariASC,Ferrari,2:06.100,1952
Argentina,Alberto AscariASC,Ferrari,1:48.400,1953
Indianapolis,Bill Vukovich VUK,Kurtis Kraft Offenhauser,1:06.240,1953
Netherlands,Luigi VilloresiVIL,Ferrari,1:52.800,1953
Belgium,Jose Froilan GonzalezGON,Maserati,4:34.000,1953
France,Juan Manuel FangioFAN,Maserati,2:41.100,1953
Great Britain,Alberto AscariASC,Ferrari,1:50.000,1953
Germany,Alberto AscariASC,Ferrari,9:56.000,1953
Switzerland,Alberto AscariASC,Ferrari,2:41.300,1953
Italy,Juan Manuel FangioFAN,Maserati,2:04.500,1953
Argentina,Jose Froilan GonzalezGON,Ferrari,1:48.200,1954
Indianapolis,Jack McGrathMCG,Kurtis Kraft Offenhauser,1:04.040,1954
Belgium,Juan Manuel FangioFAN,Maserati,4:25.500,1954
France,Hans HerrmannHER,Mercedes-Benz,2:32.900,1954
Great Britain,Alberto AscariASC,Maserati,1:50.000,1954
Germany,Karl KlingKLI,Mercedes-Benz,9:55.100,1954
Switzerland,Juan Manuel FangioFAN,Mercedes-Benz,2:39.700,1954
Italy,Jose Froilan GonzalezGON,Ferrari,2:00.800,1954
Spain,Alberto AscariASC,Lancia,2:20.400,1954
Argentina,Juan Manuel FangioFAN,Mercedes-Benz,1:48.300,1955
Monaco,Juan Manuel FangioFAN,Mercedes-Benz,1:42.400,1955
Indianapolis,Bill Vukovich VUK,Kurtis Kraft Offenhauser,1:03.670,1955
Belgium,Juan Manuel FangioFAN,Mercedes-Benz,4:20.600,1955
Netherlands,Roberto MieresMIE,Maserati,1:40.900,1955
Great Britain,Stirling MossMOS,Mercedes-Benz,2:00.400,1955
Italy,Stirling MossMOS,Mercedes-Benz,2:46.900,1955
Argentina,Juan Manuel FangioFAN,Ferrari,1:45.300,1956
Monaco,Juan Manuel FangioFAN,Ferrari,1:44.400,1956
Indianapolis,Paul RussoRUS,Kurtis Kraft Novi,1:02.320,1956
Belgium,Stirling MossMOS,Maserati,4:14.700,1956
France,Juan Manuel FangioFAN,Ferrari,2:25.800,1956
Great Britain,Stirling MossMOS,Maserati,1:43.200,1956
Germany,Juan Manuel FangioFAN,Ferrari,9:41.600,1956
Italy,Stirling MossMOS,Maserati,2:45.500,1956
Argentina,Stirling MossMOS,Maserati,1:44.700,1957
Monaco,Juan Manuel FangioFAN,Maserati,1:45.600,1957
Indianapolis,Jim RathmannRAT,Epperly Offenhauser,1:02.750,1957
France,Luigi MussoMUS,Ferrari,2:22.400,1957
Great Britain,Stirling MossMOS,Vanwall,1:59.200,1957
Germany,Juan Manuel FangioFAN,Maserati,9:17.400,1957
Pescara,Stirling MossMOS,Vanwall,9:44.600,1957
Italy,Tony BrooksBRO,Vanwall,1:43.700,1957
Argentina,Juan Manuel FangioFAN,Maserati,1:41.800,1958
Monaco,Mike HawthornHAW,Ferrari,1:40.600,1958
Netherlands,Stirling MossMOS,Vanwall,1:37.600,1958
Indianapolis,Tony BettenhausenBET,Epperly Offenhauser,1:02.370,1958
Belgium,Mike HawthornHAW,Ferrari,3:58.300,1958
France,Mike HawthornHAW,Ferrari,2:24.900,1958
Great Britain,Mike HawthornHAW,Ferrari,1:40.800,1958
Germany,Stirling MossMOS,Vanwall,9:09.200,1958
Portugal,Mike HawthornHAW,Ferrari,2:32.270,1958
Italy,Phil HillHIL,Ferrari,1:42.900,1958
Morocco,Stirling MossMOS,Vanwall,2:22.500,1958
Monaco,Jack BrabhamBRA,Cooper Climax,1:40.400,1959
Indianapolis,Johnny ThomsonTHO,Lesovsky Offenhauser,1:01.890,1959
Netherlands,Stirling MossMOS,Cooper Climax,1:36.700,1959
France,Stirling MossMOS,BRM,2:22.800,1959
Great Britain,Stirling MossMOS,BRM,1:57.000,1959
Germany,Tony BrooksBRO,Ferrari,2:04.500,1959
Portugal,Stirling MossMOS,Cooper Climax,2:05.070,1959
Italy,Phil HillHIL,Ferrari,1:40.400,1959
United States,Maurice TrintignantTRI,Cooper Climax,3:05.000,1959
Argentina,Stirling MossMOS,Cooper Climax,1:38.900,1960
Monaco,Bruce McLarenMCL,Lotus Climax,1:36.200,1960
Indianapolis,Jim RathmannRAT,Watson Offenhauser,1:01.590,1960
Netherlands,Stirling MossMOS,Lotus Climax,1:33.800,1960
Belgium,Phil HillHIL,Ferrari,3:51.900,1960
France,Jack BrabhamBRA,Cooper Climax,2:17.500,1960
Great Britain,Graham HillHIL,BRM,1:34.400,1960
Portugal,John SurteesSUR,Lotus Climax,2:27.530,1960
Italy,Phil HillHIL,Ferrari,2:43.600,1960
United States,Jack BrabhamBRA,Cooper Climax,1:56.300,1960
Monaco,Richie GintherGIN,Ferrari,1:36.300,1961
Netherlands,Jim ClarkCLA,Lotus Climax,1:35.500,1961
Belgium,Richie GintherGIN,Ferrari,3:59.800,1961
France,Phil HillHIL,Ferrari,2:27.100,1961
Great Britain,Tony BrooksBRO,BRM Climax,1:57.800,1961
Germany,Phil HillHIL,Ferrari,8:57.800,1961
Italy,Giancarlo BaghettiBAG,Ferrari,2:48.400,1961
United States,Jack BrabhamBRA,Cooper Climax,1:18.200,1961
Netherlands,Bruce McLarenMCL,Cooper Climax,1:34.400,1962
Monaco,Jim ClarkCLA,Lotus Climax,1:35.500,1962
Belgium,Jim ClarkCLA,Lotus Climax,3:55.600,1962
France,Graham HillHIL,BRM,2:16.900,1962
Great Britain,Jim ClarkCLA,Lotus Climax,1:55.000,1962
Germany,Graham HillHIL,BRM,10:12.200,1962
Italy,Graham HillHIL,BRM,1:42.300,1962
United States,Jim ClarkCLA,Lotus Climax,1:15.000,1962
South Africa,Jim ClarkCLA,Lotus Climax,1:31.000,1962
Monaco,John SurteesSUR,Ferrari,1:34.500,1963
Belgium,Jim ClarkCLA,Lotus Climax,3:58.100,1963
Netherlands,Jim ClarkCLA,Lotus Climax,1:33.700,1963
France,Jim ClarkCLA,Lotus Climax,2:21.600,1963
Great Britain,John SurteesSUR,Ferrari,1:36.000,1963
Germany,John SurteesSUR,Ferrari,8:47.000,1963
Italy,Jim ClarkCLA,Lotus Climax,1:38.900,1963
United States,Jim ClarkCLA,Lotus Climax,1:14.500,1963
Mexico,Jim ClarkCLA,Lotus Climax,1:58.100,1963
South Africa,Dan GurneyGUR,Brabham Climax,1:29.100,1963
Monaco,Graham HillHIL,BRM,1:33.900,1964
Netherlands,Jim ClarkCLA,Lotus Climax,1:32.800,1964
Belgium,Dan GurneyGUR,Brabham Ford,3:49.200,1964
France,Jack BrabhamBRA,Brabham Ford,2:11.400,1964
Great Britain,Jim ClarkCLA,Lotus Climax,1:38.800,1964
Germany,John SurteesSUR,Ferrari,8:39.000,1964
Austria,Dan GurneyGUR,Brabham Ford,1:10.560,1964
Italy,John SurteesSUR,Ferrari,1:38.800,1964
United States,Jim ClarkCLA,Lotus Climax,1:12.700,1964
Mexico,Jim ClarkCLA,Lotus Climax,1:58.370,1964
South Africa,Jim ClarkCLA,Lotus Climax,1:27.600,1965
Monaco,Graham HillHIL,BRM,1:31.700,1965
Belgium,Jim ClarkCLA,Lotus Climax,4:12.900,1965
France,Jim ClarkCLA,Lotus Climax,3:18.900,1965
Great Britain,Graham HillHIL,BRM,1:32.200,1965
Netherlands,Jim ClarkCLA,Lotus Climax,1:30.600,1965
Germany,Jim ClarkCLA,Lotus Climax,8:24.100,1965
Italy,Jim ClarkCLA,Lotus Climax,1:36.400,1965
United States,Graham HillHIL,BRM,1:11.900,1965
Mexico,Dan GurneyGUR,Brabham Climax,1:55.840,1965
Monaco,Lorenzo BandiniBAN,Ferrari,1:29.800,1966
Belgium,John SurteesSUR,Ferrari,4:18.700,1966
France,Lorenzo BandiniBAN,Ferrari,2:11.300,1966
Great Britain,Jack BrabhamBRA,Brabham Climax,1:37.000,1966
Netherlands,Denny HulmeHUL,Brabham Climax,1:30.600,1966
Germany,John SurteesSUR,Cooper Maserati,8:49.000,1966
Italy,Ludovico ScarfiottiSCA,Ferrari,1:32.400,1966
United States,John SurteesSUR,Cooper Maserati,1:09.670,1966
Mexico,Richie GintherGIN,Honda,1:53.750,1966
South Africa,Denny HulmeHUL,Brabham Repco,1:29.900,1967
Monaco,Jim ClarkCLA,Lotus Climax,1:29.500,1967
Netherlands,Jim ClarkCLA,Lotus Climax,1:28.080,1967
Belgium,Dan GurneyGUR,Eagle Climax,3:31.900,1967
France,Graham HillHIL,Lotus Climax,1:36.700,1967
Great Britain,Denny HulmeHUL,Brabham Repco,1:27.000,1967
Germany,Dan GurneyGUR,Eagle Climax,8:15.100,1967
Canada,Jim ClarkCLA,Lotus Climax,1:23.100,1967
Italy,Jim ClarkCLA,Lotus Climax,1:28.500,1967
United States,Graham HillHIL,Lotus Climax,1:06.000,1967
Mexico,Jim ClarkCLA,Lotus Climax,1:48.130,1967
South Africa,Jim ClarkCLA,Lotus Ford,1:23.700,1968
Spain,Jean-Pierre BeltoiseBEL,Matra Ford,1:28.300,1968
Monaco,Richard AttwoodATT,BRM,1:28.100,1968
Belgium,John SurteesSUR,Honda,3:30.500,1968
Netherlands,Jean-Pierre BeltoiseBEL,Matra Ford,1:45.910,1968
France,Pedro RodriguezROD,BRM,2:11.500,1968
Great Britain,Jo SiffertSIF,Lotus Ford,1:29.700,1968
Germany,Jackie StewartSTE,Matra Ford,9:36.000,1968
Italy,Jackie OliverOLI,Lotus Ford,1:26.500,1968
Canada,Jo SiffertSIF,Lotus Ford,1:35.100,1968
United States,Jackie StewartSTE,Matra Ford,1:05.220,1968
Mexico,Jo SiffertSIF,Lotus Ford,1:44.230,1968
South Africa,Jackie StewartSTE,Matra Ford,1:21.600,1969
Spain,Jochen RindtRIN,Lotus Ford,1:28.300,1969
Monaco,Jackie StewartSTE,Matra Ford,1:25.100,1969
Netherlands,Jackie StewartSTE,Matra Ford,1:22.940,1969
France,Jackie StewartSTE,Matra Ford,3:02.700,1969
Great Britain,Jackie StewartSTE,Matra Ford,1:21.300,1969
Germany,Jacky IckxICK,Brabham Climax,7:43.800,1969
Italy,Jean-Pierre BeltoiseBEL,Matra Ford,1:25.200,1969
Canada,Jacky IckxICK,Brabham Climax,1:18.100,1969
United States,Jochen RindtRIN,Lotus Ford,1:04.340,1969
Mexico,Jacky IckxICK,Brabham Climax,1:43.050,1969
South Africa,John SurteesSUR,McLaren Ford,1:20.800,1970
Spain,Jack BrabhamBRA,Brabham Ford,1:24.300,1970
Monaco,Jochen RindtRIN,Lotus Ford,1:23.200,1970
Belgium,Chris AmonAMO,March Ford,3:27.400,1970
Netherlands,Jacky IckxICK,Ferrari,1:19.230,1970
France,Jack BrabhamBRA,Brabham Ford,3:00.750,1970
Great Britain,Jack BrabhamBRA,Brabham Ford,1:25.900,1970
Germany,Jacky IckxICK,Ferrari,2:00.500,1970
Austria,Jacky IckxICK,Ferrari,1:40.400,1970
Italy,Clay RegazzoniREG,Ferrari,1:25.200,1970
Canada,Clay RegazzoniREG,Ferrari,1:32.200,1970
United States,Jacky IckxICK,Ferrari,1:02.740,1970
Mexico,Jacky IckxICK,Ferrari,1:43.110,1970
South Africa,Mario AndrettiAND,Ferrari,1:20.300,1971
Spain,Jacky IckxICK,Ferrari,1:25.100,1971
Monaco,Jackie StewartSTE,Tyrrell Ford,1:22.200,1971
Netherlands,Jacky IckxICK,Ferrari,1:34.950,1971
France,Jackie StewartSTE,Tyrrell Ford,1:54.090,1971
Great Britain,Jackie StewartSTE,Tyrrell Ford,1:19.900,1971
Germany,Francois Cevert CEV,Tyrrell Ford,7:20.100,1971
Austria,Jo SiffertSIF,BRM,1:38.470,1971
Italy,Henri PescaroloPES,March Ford,1:23.800,1971
Canada,Denny HulmeHUL,McLaren Ford,1:43.500,1971
United States,Jacky IckxICK,Ferrari,1:43.474,1971
Argentina,Jackie StewartSTE,Tyrrell Ford,1:13.660,1972
South Africa,Mike HailwoodHAI,Surtees Ford,1:18.900,1972
Spain,Jacky IckxICK,Ferrari,1:21.010,1972
Monaco,Jean-Pierre BeltoiseBEL,BRM,1:40.000,1972
Belgium,Chris AmonAMO,Matra,1:12.120,1972
France,Chris AmonAMO,Matra,2:53.900,1972
Great Britain,Jackie StewartSTE,Tyrrell Ford,1:24.000,1972
Germany,Jacky IckxICK,Ferrari,7:13.600,1972
Austria,Denny HulmeHUL,McLaren Ford,1:38.320,1972
Italy,Jacky IckxICK,Ferrari,1:36.300,1972
Canada,Jackie StewartSTE,Tyrrell Ford,1:15.700,1972
United States,Jackie StewartSTE,Tyrrell Ford,1:41.644,1972
Argentina,Emerson FittipaldiFIT,Lotus Ford,1:11.220,1973
Brazil,Emerson FittipaldiFIT,Lotus Ford,2:35.000,1973
South Africa,Emerson FittipaldiFIT,Lotus Ford,1:17.100,1973
Spain,Ronnie PetersonPET,Lotus Ford,1:23.800,1973
Belgium,Francois Cevert CEV,Tyrrell Ford,1:25.420,1973
Monaco,Emerson FittipaldiFIT,Lotus Ford,1:28.100,1973
Sweden,Denny HulmeHUL,McLaren Ford,1:26.146,1973
France,Denny HulmeHUL,McLaren Ford,1:50.990,1973
Great Britain,James HuntHUN,March Ford,1:18.600,1973
Netherlands,Ronnie PetersonPET,Lotus Ford,1:20.310,1973
Germany,Carlos PacePAC,Surtees Ford,7:11.400,1973
Austria,Carlos PacePAC,Surtees Ford,1:37.290,1973
Italy,Jackie StewartSTE,Tyrrell Ford,1:35.300,1973
Canada,Emerson FittipaldiFIT,Lotus Ford,1:15.496,1973
United States,James HuntHUN,March Ford,1:41.652,1973
Argentina,Clay RegazzoniREG,Ferrari,1:52.100,1974
Brazil,Clay RegazzoniREG,Ferrari,2:36.050,1974
South Africa,Carlos ReutemannREU,Brabham Ford,1:18.160,1974
Spain,Niki LaudaLAU,Ferrari,1:20.830,1974
Belgium,Denny HulmeHUL,McLaren Ford,1:11.310,1974
Monaco,Ronnie PetersonPET,Lotus Ford,1:27.900,1974
Sweden,Patrick DepaillerDEP,Tyrrell Ford,1:27.262,1974
Netherlands,Ronnie PetersonPET,Lotus Ford,1:21.440,1974
France,Jody ScheckterSCH,Tyrrell Ford,1:00.000,1974
Great Britain,Niki LaudaLAU,Ferrari,1:21.100,1974
Germany,Jody ScheckterSCH,Tyrrell Ford,7:11.100,1974
Austria,Clay RegazzoniREG,Ferrari,1:37.220,1974
Italy,Carlos PacePAC,Brabham Ford,1:34.200,1974
Canada,Niki LaudaLAU,Ferrari,1:13.659,1974
United States,Carlos PacePAC,Brabham Ford,1:40.608,1974
Argentina,James HuntHUN,Hesketh Ford,1:50.910,1975
Brazil,Jean-Pierre JarierJAR,Shadow Matra,2:34.160,1975
South Africa,Carlos PacePAC,Brabham Ford,1:17.200,1975
Spain,Mario AndrettiAND,Parnelli Ford,1:25.100,1975
Monaco,Patrick DepaillerDEP,Tyrrell Ford,1:28.670,1975
Belgium,Clay RegazzoniREG,Ferrari,1:26.760,1975
Sweden,Niki LaudaLAU,Ferrari,1:28.267,1975
Netherlands,Niki LaudaLAU,Ferrari,1:21.540,1975
France,Jochen MassMAS,McLaren Ford,1:50.600,1975
Great Britain,Clay RegazzoniREG,Ferrari,1:20.900,1975
Germany,Clay RegazzoniREG,Ferrari,7:06.400,1975
Austria,Vittorio BrambillaBRA,March Ford,1:53.900,1975
Italy,Clay RegazzoniREG,Ferrari,1:33.100,1975
United States,Emerson FittipaldiFIT,McLaren Ford,1:43.374,1975
Brazil,Jean-Pierre JarierJAR,Shadow Ford,2:35.070,1976
South Africa,Niki LaudaLAU,Ferrari,1:17.970,1976
USA West,Clay RegazzoniREG,Ferrari,1:23.076,1976
Spain,Jochen MassMAS,McLaren Ford,1:20.930,1976
Belgium,Niki LaudaLAU,Ferrari,1:25.980,1976
Monaco,Clay RegazzoniREG,Ferrari,1:30.280,1976
Sweden,Mario AndrettiAND,Lotus Ford,1:28.002,1976
France,Niki LaudaLAU,Ferrari,1:51.000,1976
Great Britain,Niki LaudaLAU,Ferrari,1:19.910,1976
Germany,Jody ScheckterSCH,Tyrrell Ford,7:10.800,1976
Austria,James HuntHUN,McLaren Ford,1:35.910,1976
Netherlands,Clay RegazzoniREG,Ferrari,1:22.590,1976
Italy,Ronnie PetersonPET,March Ford,1:41.300,1976
Canada,Patrick DepaillerDEP,Tyrrell Ford,1:13.817,1976
USA East,James HuntHUN,McLaren Ford,1:42.851,1976
Japan,Jacques LaffiteLAF,Ligier Matra,1:19.970,1976
Argentina,James HuntHUN,McLaren Ford,1:51.060,1977
Brazil,James HuntHUN,McLaren Ford,2:34.550,1977
South Africa,John WatsonWAT,Brabham Alfa Romeo,1:17.630,1977
USA West,Niki LaudaLAU,Ferrari,1:22.753,1977
Spain,Jacques LaffiteLAF,Ligier Matra,1:20.810,1977
Monaco,Jody ScheckterSCH,Wolf Ford,1:31.070,1977
Belgium,Gunnar NilssonNIL,Lotus Ford,1:27.540,1977
Sweden,Mario AndrettiAND,Lotus Ford,1:27.607,1977
France,Mario AndrettiAND,Lotus Ford,1:13.750,1977
Great Britain,James HuntHUN,McLaren Ford,1:19.600,1977
Germany,Niki LaudaLAU,Ferrari,1:55.990,1977
Austria,John WatsonWAT,Brabham Alfa Romeo,1:40.960,1977
Netherlands,Niki LaudaLAU,Ferrari,1:19.990,1977
Italy,Mario AndrettiAND,Lotus Ford,1:39.100,1977
USA East,Ronnie PetersonPET,Tyrrell Ford,1:51.854,1977
Canada,Mario AndrettiAND,Lotus Ford,1:13.299,1977
Japan,Jody ScheckterSCH,Wolf Ford,1:14.300,1977
Argentina,Gilles VilleneuveVIL,Ferrari,1:49.760,1978
Brazil,Carlos ReutemannREU,Ferrari,1:43.070,1978
South Africa,Mario AndrettiAND,Lotus Ford,1:17.090,1978
USA West,Alan JonesJON,Williams Ford,1:22.215,1978
Monaco,Niki LaudaLAU,Brabham Alfa Romeo,1:28.650,1978
Belgium,Ronnie PetersonPET,Lotus Ford,1:23.130,1978
Spain,Mario AndrettiAND,Lotus Ford,1:20.060,1978
Sweden,Niki LaudaLAU,Brabham Alfa Romeo,1:24.836,1978
France,Carlos ReutemannREU,Ferrari,1:48.560,1978
Great Britain,Niki LaudaLAU,Brabham Alfa Romeo,1:18.600,1978
Germany,Ronnie PetersonPET,Lotus Ford,1:55.620,1978
Austria,Ronnie PetersonPET,Lotus Ford,1:43.120,1978
Netherlands,Niki LaudaLAU,Brabham Alfa Romeo,1:19.570,1978
Italy,Mario AndrettiAND,Lotus Ford,1:38.230,1978
USA East,Jean-Pierre JarierJAR,Lotus Ford,1:39.557,1978
Canada,Alan JonesJON,Williams Ford,1:38.072,1978
Argentina,Jacques LaffiteLAF,Ligier Ford,1:46.910,1979
Brazil,Jacques LaffiteLAF,Ligier Ford,2:28.760,1979
South Africa,Gilles VilleneuveVIL,Ferrari,1:14.412,1979
USA West,Gilles VilleneuveVIL,Ferrari,1:21.200,1979
Spain,Gilles VilleneuveVIL,Ferrari,1:16.440,1979
Belgium,Gilles VilleneuveVIL,Ferrari,1:23.090,1979
Monaco,Patrick DepaillerDEP,Ligier Ford,1:28.820,1979
France,Rene ArnouxARN,Renault,1:09.160,1979
Great Britain,Clay RegazzoniREG,Williams Ford,1:14.400,1979
Germany,Gilles VilleneuveVIL,Ferrari,1:51.890,1979
Austria,Rene ArnouxARN,Renault,1:35.770,1979
Netherlands,Gilles VilleneuveVIL,Ferrari,1:19.438,1979
Italy,Clay RegazzoniREG,Williams Ford,1:35.600,1979
Canada,Alan JonesJON,Williams Ford,1:31.272,1979
USA East,Nelson PiquetPIQ,Brabham Ford,1:40.054,1979
Argentina,Alan JonesJON,Williams Ford,1:50.450,1980
Brazil,Rene ArnouxARN,Renault,2:27.310,1980
South Africa,Rene ArnouxARN,Renault,1:13.150,1980
USA West,Nelson PiquetPIQ,Brabham Ford,1:19.830,1980
Belgium,Jacques LaffiteLAF,Ligier Ford,1:20.880,1980
Monaco,Carlos ReutemannREU,Williams Ford,1:27.418,1980
France,Alan JonesJON,Williams Ford,1:41.450,1980
Great Britain,Didier PironiPIR,Ligier Ford,1:12.368,1980
Germany,Alan JonesJON,Williams Ford,1:48.490,1980
Austria,Rene ArnouxARN,Renault,1:32.530,1980
Netherlands,Rene ArnouxARN,Renault,1:19.350,1980
Italy,Alan JonesJON,Williams Ford,1:36.089,1980
Canada,Didier PironiPIR,Ligier Ford,1:28.769,1980
USA East,Alan JonesJON,Williams Ford,1:34.068,1980
USA West,Alan JonesJON,Williams Ford,1:20.901,1981
Brazil,Marc SurerSUR,Ensign Ford,1:54.302,1981
Argentina,Nelson PiquetPIQ,Brabham Ford,1:45.287,1981
San Marino,Gilles VilleneuveVIL,Ferrari,1:48.064,1981
Belgium,Carlos ReutemannREU,Williams Ford,1:23.300,1981
Monaco,Alan JonesJON,Williams Ford,1:27.470,1981
Spain,Alan JonesJON,Williams Ford,1:17.818,1981
France,Alain ProstPRO,Renault,1:09.140,1981
Great Britain,Rene ArnouxARN,Renault,1:15.067,1981
Germany,Alan JonesJON,Williams Ford,1:52.420,1981
Austria,Jacques LaffiteLAF,Ligier Matra,1:37.620,1981
Netherlands,Alan JonesJON,Williams Ford,1:21.830,1981
Italy,Carlos ReutemannREU,Williams Ford,1:37.528,1981
Canada,John WatsonWAT,McLaren Ford,1:49.475,1981
Caesar's Palace,Didier PironiPIR,Ferrari,1:20.156,1981
South Africa,Alain ProstPRO,Renault,1:08.278,1982
Brazil,Alain ProstPRO,Renault,1:37.016,1982
USA West,Niki LaudaLAU,McLaren Ford,1:30.831,1982
San Marino,Didier PironiPIR,Ferrari,1:35.036,1982
Belgium,John WatsonWAT,McLaren Ford,1:20.214,1982
Monaco,Riccardo PatresePAT,Brabham Ford,1:26.354,1982
Detroit,Alain ProstPRO,Renault,1:50.438,1982
Canada,Didier PironiPIR,Ferrari,1:28.323,1982
Netherlands,Derek WarwickWAR,Toleman Hart,1:19.780,1982
Great Britain,Brian HentonHEN,Tyrrell Ford,1:13.028,1982
France,Riccardo PatresePAT,Brabham Ford,1:40.075,1982
Germany,Nelson PiquetPIQ,Brabham Ford,1:54.035,1982
Austria,Nelson PiquetPIQ,Brabham Ford,1:33.699,1982
Switzerland,Alain ProstPRO,Renault,1:07.477,1982
Italy,Rene ArnouxARN,Renault,1:33.619,1982
Caesar's Palace,Michele AlboretoALB,Tyrrell Ford,1:19.639,1982
Brazil,Nelson PiquetPIQ,Brabham BMW,1:39.829,1983
USA West,Niki LaudaLAU,McLaren TAG,1:28.330,1983
France,Alain ProstPRO,Renault,1:42.695,1983
San Marino,Riccardo PatresePAT,Brabham BMW,1:34.437,1983
Monaco,Nelson PiquetPIQ,Brabham BMW,1:27.283,1983
Belgium,Andrea de CesarisDEC,Alfa Romeo,2:07.493,1983
Detroit,John WatsonWAT,McLaren TAG,1:47.668,1983
Canada,Patrick TambayTAM,Ferrari,1:30.851,1983
Great Britain,Alain ProstPRO,Renault,1:14.212,1983
Germany,Rene ArnouxARN,Ferrari,1:53.938,1983
Austria,Alain ProstPRO,Renault,1:33.961,1983
Netherlands,Rene ArnouxARN,Ferrari,1:19.863,1983
Italy,Nelson PiquetPIQ,Brabham BMW,1:34.431,1983
Europe,Nigel MansellMAN,Lotus Ford,1:14.342,1983
South Africa,Nelson PiquetPIQ,Brabham BMW,1:09.948,1983
Brazil,Alain ProstPRO,McLaren TAG,1:36.499,1984
South Africa,Patrick TambayTAM,Renault,1:08.877,1984
Belgium,Rene ArnouxARN,Ferrari,1:19.294,1984
San Marino,Nelson PiquetPIQ,Brabham BMW,1:33.275,1984
France,Alain ProstPRO,McLaren TAG,1:05.257,1984
Monaco,Ayrton SennaSEN,Toleman Hart,1:54.334,1984
Canada,Nelson PiquetPIQ,Brabham BMW,1:28.763,1984
Detroit,Derek WarwickWAR,Renault,1:46.221,1984
Dallas,Niki LaudaLAU,McLaren TAG,1:45.353,1984
Great Britain,Niki LaudaLAU,McLaren TAG,1:13.191,1984
Germany,Alain ProstPRO,McLaren TAG,1:53.538,1984
Austria,Niki LaudaLAU,McLaren TAG,1:32.882,1984
Netherlands,Rene ArnouxARN,Ferrari,1:19.465,1984
Italy,Niki LaudaLAU,McLaren TAG,1:31.912,1984
Europe,Nelson PiquetPIQ,Brabham BMW,1:23.146,1984
Portugal,Niki LaudaLAU,McLaren TAG,1:22.996,1984
Brazil,Alain ProstPRO,McLaren TAG,1:36.702,1985
Portugal,Ayrton SennaSEN,Lotus Renault,1:44.121,1985
San Marino,Michele AlboretoALB,Ferrari,1:30.961,1985
Monaco,Michele AlboretoALB,Ferrari,1:22.637,1985
Canada,Ayrton SennaSEN,Lotus Renault,1:27.445,1985
Detroit,Ayrton SennaSEN,Lotus Renault,1:45.612,1985
France,Keke RosbergROS,Williams Honda,1:39.914,1985
Great Britain,Alain ProstPRO,McLaren TAG,1:09.886,1985
Germany,Niki LaudaLAU,McLaren TAG,1:22.806,1985
Austria,Alain ProstPRO,McLaren TAG,1:29.241,1985
Netherlands,Alain ProstPRO,McLaren TAG,1:16.538,1985
Italy,Nigel MansellMAN,Williams Honda,1:28.283,1985
Belgium,Alain ProstPRO,McLaren TAG,2:01.730,1985
Europe,Jacques LaffiteLAF,Ligier Renault,1:11.526,1985
South Africa,Keke RosbergROS,Williams Honda,1:08.149,1985
Australia,Keke RosbergROS,Williams Honda,1:23.758,1985
Brazil,Nelson PiquetPIQ,Williams Honda,1:33.546,1986
Spain,Nigel MansellMAN,Williams Honda,1:27.176,1986
San Marino,Nelson PiquetPIQ,Williams Honda,1:28.667,1986
Monaco,Alain ProstPRO,McLaren TAG,1:26.607,1986
Belgium,Alain ProstPRO,McLaren TAG,1:59.282,1986
Canada,Nelson PiquetPIQ,Williams Honda,1:25.443,1986
Detroit,Nelson PiquetPIQ,Williams Honda,1:41.233,1986
France,Nigel MansellMAN,Williams Honda,1:09.993,1986
Great Britain,Nigel MansellMAN,Williams Honda,1:09.593,1986
Germany,Gerhard BergerBER,Benetton BMW,1:46.604,1986
Hungary,Nelson PiquetPIQ,Williams Honda,1:31.001,1986
Austria,Gerhard BergerBER,Benetton BMW,1:29.444,1986
Italy,Teo FabiFAB,Benetton BMW,1:28.099,1986
Portugal,Nigel MansellMAN,Williams Honda,1:20.943,1986
Mexico,Nelson PiquetPIQ,Williams Honda,1:19.360,1986
Australia,Nelson PiquetPIQ,Williams Honda,1:20.787,1986
Brazil,Nelson PiquetPIQ,Williams Honda,1:33.861,1987
San Marino,Teo FabiFAB,Benetton Ford,1:29.246,1987
Belgium,Alain ProstPRO,McLaren TAG,1:57.153,1987
Monaco,Ayrton SennaSEN,Lotus Honda,1:27.685,1987
Detroit,Ayrton SennaSEN,Lotus Honda,1:40.464,1987
France,Nelson PiquetPIQ,Williams Honda,1:09.548,1987
Great Britain,Nigel MansellMAN,Williams Honda,1:09.832,1987
Germany,Nigel MansellMAN,Williams Honda,1:45.716,1987
Hungary,Nelson PiquetPIQ,Williams Honda,1:30.149,1987
Austria,Nigel MansellMAN,Williams Honda,1:28.318,1987
Italy,Ayrton SennaSEN,Lotus Honda,1:26.796,1987
Portugal,Gerhard BergerBER,Ferrari,1:19.282,1987
Spain,Gerhard BergerBER,Ferrari,1:26.986,1987
Mexico,Nelson PiquetPIQ,Williams Honda,1:19.132,1987
Japan,Alain ProstPRO,McLaren TAG,1:43.844,1987
Australia,Gerhard BergerBER,Ferrari,1:20.416,1987
Brazil,Gerhard BergerBER,Ferrari,1:32.943,1988
San Marino,Alain ProstPRO,McLaren Honda,1:29.685,1988
Monaco,Ayrton SennaSEN,McLaren Honda,1:26.321,1988
Mexico,Alain ProstPRO,McLaren Honda,1:18.608,1988
Canada,Ayrton SennaSEN,McLaren Honda,1:24.973,1988
Detroit,Alain ProstPRO,McLaren Honda,1:44.836,1988
France,Alain ProstPRO,McLaren Honda,1:11.737,1988
Great Britain,Nigel MansellMAN,Williams Judd,1:23.308,1988
Germany,Alessandro NanniniNAN,Benetton Ford,2:03.032,1988
Hungary,Alain ProstPRO,McLaren Honda,1:30.639,1988
Belgium,Gerhard BergerBER,Ferrari,2:00.772,1988
Italy,Michele AlboretoALB,Ferrari,1:29.070,1988
Portugal,Gerhard BergerBER,Ferrari,1:21.961,1988
Spain,Alain ProstPRO,McLaren Honda,1:27.845,1988
Japan,Ayrton SennaSEN,McLaren Honda,1:46.326,1988
Australia,Alain ProstPRO,McLaren Honda,1:21.216,1988
Brazil,Riccardo PatresePAT,Williams Renault,1:32.507,1989
San Marino,Alain ProstPRO,McLaren Honda,1:26.795,1989
Monaco,Alain ProstPRO,McLaren Honda,1:25.501,1989
Mexico,Nigel MansellMAN,Ferrari,1:20.420,1989
United States,Ayrton SennaSEN,McLaren Honda,1:33.969,1989
Canada,Jonathan PalmerPAL,Tyrrell Ford,1:31.925,1989
France,Mauricio GugelminGUG,March Judd,1:12.090,1989
Great Britain,Nigel MansellMAN,Ferrari,1:12.017,1989
Germany,Ayrton SennaSEN,McLaren Honda,1:45.884,1989
Hungary,Nigel MansellMAN,Ferrari,1:22.637,1989
Belgium,Alain ProstPRO,McLaren Honda,2:11.571,1989
Italy,Alain ProstPRO,McLaren Honda,1:28.107,1989
Portugal,Gerhard BergerBER,Ferrari,1:18.986,1989
Spain,Ayrton SennaSEN,McLaren Honda,1:25.779,1989
Japan,Alain ProstPRO,McLaren Honda,1:43.506,1989
Australia,Satoru NakajimaNAK,Lotus Judd,1:38.480,1989
United States,Gerhard BergerBER,McLaren Honda,1:31.050,1990
Brazil,Gerhard BergerBER,McLaren Honda,1:19.899,1990
San Marino,Alessandro NanniniNAN,Benetton Ford,1:27.156,1990
Monaco,Ayrton SennaSEN,McLaren Honda,1:24.468,1990
Canada,Gerhard BergerBER,McLaren Honda,1:22.077,1990
Mexico,Alain ProstPRO,Ferrari,1:17.958,1990
France,Nigel MansellMAN,Ferrari,1:08.012,1990
Great Britain,Nigel MansellMAN,Ferrari,1:11.291,1990
Germany,Thierry BoutsenBOU,Williams Renault,1:45.602,1990
Hungary,Riccardo PatresePAT,Williams Renault,1:22.058,1990
Belgium,Alain ProstPRO,Ferrari,1:55.087,1990
Italy,Ayrton SennaSEN,McLaren Honda,1:26.254,1990
Portugal,Riccardo PatresePAT,Williams Renault,1:18.306,1990
Spain,Riccardo PatresePAT,Williams Renault,1:24.513,1990
Japan,Riccardo PatresePAT,Williams Renault,1:44.233,1990
Australia,Nigel MansellMAN,Ferrari,1:18.203,1990
United States,Jean AlesiALE,Ferrari,1:26.758,1991
Brazil,Nigel MansellMAN,Williams Renault,1:20.436,1991
San Marino,Gerhard BergerBER,McLaren Honda,1:26.531,1991
Monaco,Alain ProstPRO,Ferrari,1:24.368,1991
Canada,Nigel MansellMAN,Williams Renault,1:22.385,1991
Mexico,Nigel MansellMAN,Williams Renault,1:16.788,1991
France,Nigel MansellMAN,Williams Renault,1:19.168,1991
Great Britain,Nigel MansellMAN,Williams Renault,1:26.379,1991
Germany,Riccardo PatresePAT,Williams Renault,1:43.569,1991
Hungary,Bertrand GachotGAC,Jordan Ford,1:21.547,1991
Belgium,Roberto MorenoMOR,Benetton Ford,1:55.161,1991
Italy,Ayrton SennaSEN,McLaren Honda,1:26.061,1991
Portugal,Nigel MansellMAN,Williams Renault,1:18.179,1991
Spain,Riccardo PatresePAT,Williams Renault,1:22.837,1991
Japan,Ayrton SennaSEN,McLaren Honda,1:41.532,1991
Australia,Gerhard BergerBER,McLaren Honda,1:41.141,1991
South Africa,Nigel MansellMAN,Williams Renault,1:17.578,1992
Mexico,Gerhard BergerBER,McLaren Honda,1:17.711,1992
Brazil,Riccardo PatresePAT,Williams Renault,1:19.490,1992
Spain,Nigel MansellMAN,Williams Renault,1:42.503,1992
San Marino,Riccardo PatresePAT,Williams Renault,1:26.100,1992
Monaco,Nigel MansellMAN,Williams Renault,1:21.598,1992
Canada,Gerhard BergerBER,McLaren Honda,1:22.325,1992
France,Nigel MansellMAN,Williams Renault,1:17.070,1992
Great Britain,Nigel MansellMAN,Williams Renault,1:22.539,1992
Germany,Riccardo PatresePAT,Williams Renault,1:41.591,1992
Hungary,Nigel MansellMAN,Williams Renault,1:18.308,1992
Belgium,Michael SchumacherMSC,Benetton Ford,1:53.791,1992
Italy,Nigel MansellMAN,Williams Renault,1:26.119,1992
Portugal,Ayrton SennaSEN,McLaren Honda,1:16.272,1992
Japan,Nigel MansellMAN,Williams Renault,1:40.646,1992
Australia,Michael SchumacherMSC,Benetton Ford,1:16.078,1992
South Africa,Alain ProstPRO,Williams Renault,1:19.492,1993
Brazil,Michael SchumacherMSC,Benetton Ford,1:20.024,1993
Europe,Ayrton SennaSEN,McLaren Ford,1:18.029,1993
San Marino,Alain ProstPRO,Williams Renault,1:26.128,1993
Spain,Michael SchumacherMSC,Benetton Ford,1:20.989,1993
Monaco,Alain ProstPRO,Williams Renault,1:23.604,1993
Canada,Michael SchumacherMSC,Benetton Ford,1:21.500,1993
France,Michael SchumacherMSC,Benetton Ford,1:19.256,1993
Great Britain,Damon HillHIL,Williams Renault,1:22.515,1993
Germany,Michael SchumacherMSC,Benetton Ford,1:41.859,1993
Hungary,Alain ProstPRO,Williams Renault,1:19.633,1993
Belgium,Alain ProstPRO,Williams Renault,1:51.095,1993
Italy,Damon HillHIL,Williams Renault,1:23.575,1993
Portugal,Damon HillHIL,Williams Renault,1:14.859,1993
Japan,Alain ProstPRO,Williams Renault,1:41.176,1993
Australia,Damon HillHIL,Williams Renault,1:15.381,1993
Brazil,Michael SchumacherMSC,Benetton Ford,1:18.455,1994
Pacific,Michael SchumacherMSC,Benetton Ford,1:14.023,1994
San Marino,Damon HillHIL,Williams Renault,1:24.335,1994
San Marino,Ayrton SennaSEN,Williams Renault,1:44.068,1994
San Marino,Damon HillHIL,Williams Renault,1:24.335,1994
Monaco,Michael SchumacherMSC,Benetton Ford,1:21.076,1994
Spain,Michael SchumacherMSC,Benetton Ford,1:25.155,1994
Canada,Michael SchumacherMSC,Benetton Ford,1:28.927,1994
France,Damon HillHIL,Williams Renault,1:19.678,1994
Great Britain,Damon HillHIL,Williams Renault,1:27.100,1994
Germany,David CoulthardCOU,Williams Renault,1:46.211,1994
Hungary,Michael SchumacherMSC,Benetton Ford,1:20.881,1994
Belgium,Damon HillHIL,Williams Renault,1:57.117,1994
Italy,Damon HillHIL,Williams Renault,1:25.930,1994
Portugal,David CoulthardCOU,Williams Renault,1:22.446,1994
Europe,Michael SchumacherMSC,Benetton Ford,1:25.040,1994
Japan,Damon HillHIL,Williams Renault,1:56.597,1994
Australia,Michael SchumacherMSC,Benetton Ford,1:17.140,1994
Brazil,Michael SchumacherMSC,Benetton Renault,1:20.921,1995
Argentina,Michael SchumacherMSC,Benetton Renault,1:30.522,1995
San Marino,Gerhard BergerBER,Ferrari,1:29.568,1995
Spain,Damon HillHIL,Williams Renault,1:24.531,1995
Monaco,Jean AlesiALE,Ferrari,1:24.621,1995
Canada,Michael SchumacherMSC,Benetton Renault,1:29.174,1995
France,Michael SchumacherMSC,Benetton Renault,1:20.218,1995
Great Britain,Damon HillHIL,Williams Renault,1:29.752,1995
Germany,Michael SchumacherMSC,Benetton Renault,1:48.824,1995
Hungary,Damon HillHIL,Williams Renault,1:20.247,1995
Belgium,David CoulthardCOU,Williams Renault,1:53.412,1995
Italy,Gerhard BergerBER,Ferrari,1:26.419,1995
Portugal,David CoulthardCOU,Williams Renault,1:23.220,1995
Europe,Michael SchumacherMSC,Benetton Renault,1:21.180,1995
Pacific,Michael SchumacherMSC,Benetton Renault,1:16.374,1995
Japan,Michael SchumacherMSC,Benetton Renault,1:42.976,1995
Australia,Damon HillHIL,Williams Renault,1:17.943,1995
Australia,Jacques VilleneuveVIL,Williams Renault,1:33.421,1996
Brazil,Damon HillHIL,Williams Renault,1:21.547,1996
Argentina,Jean AlesiALE,Benetton Renault,1:29.413,1996
Europe,Damon HillHIL,Williams Renault,1:21.363,1996
San Marino,Damon HillHIL,Williams Renault,1:28.931,1996
Monaco,Jean AlesiALE,Benetton Renault,1:25.205,1996
Spain,Michael SchumacherMSC,Ferrari,1:45.517,1996
Canada,Jacques VilleneuveVIL,Williams Renault,1:21.916,1996
France,Jacques VilleneuveVIL,Williams Renault,1:18.610,1996
Great Britain,Jacques VilleneuveVIL,Williams Renault,1:29.288,1996
Germany,Damon HillHIL,Williams Renault,1:46.504,1996
Hungary,Damon HillHIL,Williams Renault,1:20.093,1996
Belgium,Gerhard BergerBER,Benetton Renault,1:53.067,1996
Italy,Michael SchumacherMSC,Ferrari,1:26.110,1996
Portugal,Jacques VilleneuveVIL,Williams Renault,1:22.873,1996
Japan,Jacques VilleneuveVIL,Williams Renault,1:44.043,1996
Australia,Heinz-Harald FrentzenFRE,Williams Renault,1:30.585,1997
Brazil,Jacques VilleneuveVIL,Williams Renault,1:18.397,1997
Argentina,Gerhard BergerBER,Benetton Renault,1:27.981,1997
San Marino,Heinz-Harald FrentzenFRE,Williams Renault,1:25.531,1997
Monaco,Michael SchumacherMSC,Ferrari,1:53.315,1997
Spain,Giancarlo FisichellaFIS,Jordan Peugeot,1:22.242,1997
Canada,David CoulthardCOU,McLaren Mercedes,1:19.635,1997
France,Michael SchumacherMSC,Ferrari,1:17.910,1997
Great Britain,Michael SchumacherMSC,Ferrari,1:24.475,1997
Germany,Gerhard BergerBER,Benetton Renault,1:45.747,1997
Hungary,Heinz-Harald FrentzenFRE,Williams Renault,1:18.372,1997
Belgium,Jacques VilleneuveVIL,Williams Renault,1:52.692,1997
Italy,Mika HakkinenHAK,McLaren Mercedes,1:24.808,1997
Austria,Jacques VilleneuveVIL,Williams Renault,1:11.814,1997
Luxembourg,Heinz-Harald FrentzenFRE,Williams Renault,1:18.805,1997
Japan,Heinz-Harald FrentzenFRE,Williams Renault,1:38.942,1997
Europe,Heinz-Harald FrentzenFRE,Williams Renault,1:23.135,1997
Australia,Mika HakkinenHAK,McLaren Mercedes,1:31.649,1998
Brazil,Mika HakkinenHAK,McLaren Mercedes,1:19.337,1998
Argentina,Alexander WurzWUR,Benetton Playlife,1:28.179,1998
San Marino,Michael SchumacherMSC,Ferrari,1:29.345,1998
Spain,Mika HakkinenHAK,McLaren Mercedes,1:24.275,1998
Monaco,Mika HakkinenHAK,McLaren Mercedes,1:22.948,1998
Canada,Michael SchumacherMSC,Ferrari,1:19.379,1998
France,David CoulthardCOU,McLaren Mercedes,1:17.523,1998
Great Britain,Michael SchumacherMSC,Ferrari,1:35.704,1998
Austria,David CoulthardCOU,McLaren Mercedes,1:12.878,1998
Germany,David CoulthardCOU,McLaren Mercedes,1:46.116,1998
Hungary,Michael SchumacherMSC,Ferrari,1:19.286,1998
Belgium,Michael SchumacherMSC,Ferrari,2:03.766,1998
Italy,Mika HakkinenHAK,McLaren Mercedes,1:25.139,1998
Luxembourg,Mika HakkinenHAK,McLaren Mercedes,1:20.450,1998
Japan,Michael SchumacherMSC,Ferrari,1:40.190,1998
Australia,Michael SchumacherMSC,Ferrari,1:32.112,1999
Brazil,Mika HakkinenHAK,McLaren Mercedes,1:18.448,1999
San Marino,Michael SchumacherMSC,Ferrari,1:28.547,1999
Monaco,Mika HakkinenHAK,McLaren Mercedes,1:22.259,1999
Spain,Michael SchumacherMSC,Ferrari,1:24.982,1999
Canada,Eddie IrvineIRV,Ferrari,1:20.382,1999
France,David CoulthardCOU,McLaren Mercedes,1:19.227,1999
Great Britain,Mika HakkinenHAK,McLaren Mercedes,1:28.309,1999
Austria,Mika HakkinenHAK,McLaren Mercedes,1:12.107,1999
Germany,David CoulthardCOU,McLaren Mercedes,1:45.270,1999
Hungary,David CoulthardCOU,McLaren Mercedes,1:20.699,1999
Belgium,Mika HakkinenHAK,McLaren Mercedes,1:53.955,1999
Italy,Ralf SchumacherRSC,Williams Supertec,1:25.579,1999
Europe,Mika HakkinenHAK,McLaren Mercedes,1:21.282,1999
Malaysia,Michael SchumacherMSC,Ferrari,1:40.267,1999
Japan,Michael SchumacherMSC,Ferrari,1:41.319,1999
Australia,Rubens BarrichelloBAR,Ferrari,1:31.481,2000
Brazil,Michael SchumacherMSC,Ferrari,1:14.755,2000
San Marino,Mika HakkinenHAK,McLaren Mercedes,1:26.523,2000
Great Britain,Mika HakkinenHAK,McLaren Mercedes,1:26.217,2000
Spain,Mika HakkinenHAK,McLaren Mercedes,1:24.470,2000
Europe,Michael SchumacherMSC,Ferrari,1:22.269,2000
Monaco,Mika HakkinenHAK,McLaren Mercedes,1:21.571,2000
Canada,Mika HakkinenHAK,McLaren Mercedes,1:19.049,2000
France,David CoulthardCOU,McLaren Mercedes,1:19.479,2000
Austria,David CoulthardCOU,McLaren Mercedes,1:11.783,2000
Germany,Rubens BarrichelloBAR,Ferrari,1:44.300,2000
Hungary,Mika HakkinenHAK,McLaren Mercedes,1:20.028,2000
Belgium,Rubens BarrichelloBAR,Ferrari,1:53.803,2000
Italy,Mika HakkinenHAK,McLaren Mercedes,1:25.595,2000
United States,David CoulthardCOU,McLaren Mercedes,1:14.711,2000
Japan,Mika HakkinenHAK,McLaren Mercedes,1:39.189,2000
Malaysia,Mika HakkinenHAK,McLaren Mercedes,1:38.543,2000
Australia,Michael SchumacherMSC,Ferrari,1:28.214,2001
Malaysia,Mika HakkinenHAK,McLaren Mercedes,1:40.962,2001
Brazil,Ralf SchumacherRSC,Williams BMW,1:15.693,2001
San Marino,Ralf SchumacherRSC,Williams BMW,1:25.524,2001
Spain,Michael SchumacherMSC,Ferrari,1:21.151,2001
Austria,David CoulthardCOU,McLaren Mercedes,1:10.843,2001
Monaco,David CoulthardCOU,McLaren Mercedes,1:19.424,2001
Canada,Ralf SchumacherRSC,Williams BMW,1:17.205,2001
Europe,Juan Pablo MontoyaMOY,Williams BMW,1:18.354,2001
France,David CoulthardCOU,McLaren Mercedes,1:16.088,2001
Great Britain,Mika HakkinenHAK,McLaren Mercedes,1:23.405,2001
Germany,Juan Pablo MontoyaMOY,Williams BMW,1:41.808,2001
Hungary,Mika HakkinenHAK,McLaren Mercedes,1:16.723,2001
Belgium,Michael SchumacherMSC,Ferrari,1:49.758,2001
Italy,Ralf SchumacherRSC,Williams BMW,1:25.073,2001
United States,Juan Pablo MontoyaMOY,Williams BMW,1:14.448,2001
Japan,Ralf SchumacherRSC,Williams BMW,1:36.944,2001
Australia,Kimi RäikkönenRAI,McLaren Mercedes,1:28.541,2002
Malaysia,Juan Pablo MontoyaMOY,Williams BMW,1:38.049,2002
Brazil,Juan Pablo MontoyaMOY,Williams BMW,1:16.079,2002
San Marino,Rubens BarrichelloBAR,Ferrari,1:24.170,2002
Spain,Michael SchumacherMSC,Ferrari,1:20.355,2002
Austria,Michael SchumacherMSC,Ferrari,1:09.298,2002
Monaco,Rubens BarrichelloBAR,Ferrari,1:18.023,2002
Canada,Juan Pablo MontoyaMOY,Williams BMW,1:15.960,2002
Europe,Michael SchumacherMSC,Ferrari,1:32.226,2002
Great Britain,Rubens BarrichelloBAR,Ferrari,1:23.083,2002
France,David CoulthardCOU,McLaren Mercedes,1:15.045,2002
Germany,Michael SchumacherMSC,Ferrari,1:16.462,2002
Hungary,Michael SchumacherMSC,Ferrari,1:16.207,2002
Belgium,Michael SchumacherMSC,Ferrari,1:47.176,2002
Italy,Rubens BarrichelloBAR,Ferrari,1:23.657,2002
United States,Rubens BarrichelloBAR,Ferrari,1:12.738,2002
Japan,Michael SchumacherMSC,Ferrari,1:36.125,2002
Australia,Kimi RäikkönenRAI,McLaren Mercedes,1:27.724,2003
Malaysia,Michael SchumacherMSC,Ferrari,1:36.412,2003
Brazil,Rubens BarrichelloBAR,Ferrari,1:22.032,2003
San Marino,Michael SchumacherMSC,Ferrari,1:22.491,2003
Spain,Rubens BarrichelloBAR,Ferrari,1:20.143,2003
Austria,Michael SchumacherMSC,Ferrari,1:08.337,2003
Monaco,Kimi RäikkönenRAI,McLaren Mercedes,1:14.545,2003
Canada,Fernando AlonsoALO,Renault,1:16.040,2003
Europe,Kimi RäikkönenRAI,McLaren Mercedes,1:32.621,2003
France,Juan Pablo MontoyaMOY,Williams BMW,1:15.512,2003
Great Britain,Rubens BarrichelloBAR,Ferrari,1:22.236,2003
Germany,Juan Pablo MontoyaMOY,Williams BMW,1:14.917,2003
Hungary,Juan Pablo MontoyaMOY,Williams BMW,1:22.095,2003
Italy,Michael SchumacherMSC,Ferrari,1:21.832,2003
United States,Michael SchumacherMSC,Ferrari,1:11.473,2003
Japan,Ralf SchumacherRSC,Williams BMW,1:33.408,2003
Australia,Michael SchumacherMSC,Ferrari,1:24.125,2004
Malaysia,Juan Pablo MontoyaMOY,Williams BMW,1:34.223,2004
Bahrain,Michael SchumacherMSC,Ferrari,1:30.252,2004
San Marino,Michael SchumacherMSC,Ferrari,1:20.411,2004
Spain,Michael SchumacherMSC,Ferrari,1:17.450,2004
Monaco,Michael SchumacherMSC,Ferrari,1:14.439,2004
Europe,Michael SchumacherMSC,Ferrari,1:29.468,2004
Canada,Rubens BarrichelloBAR,Ferrari,1:13.622,2004
United States,Rubens BarrichelloBAR,Ferrari,1:10.399,2004
France,Michael SchumacherMSC,Ferrari,1:15.377,2004
Great Britain,Michael SchumacherMSC,Ferrari,1:18.739,2004
Germany,Kimi RäikkönenRAI,McLaren Mercedes,1:13.780,2004
Hungary,Michael SchumacherMSC,Ferrari,1:19.071,2004
Belgium,Kimi RäikkönenRAI,McLaren Mercedes,1:45.108,2004
Italy,Rubens BarrichelloBAR,Ferrari,1:21.046,2004
China,Michael SchumacherMSC,Ferrari,1:32.238,2004
Japan,Rubens BarrichelloBAR,Ferrari,1:32.730,2004
Brazil,Juan Pablo MontoyaMOY,Williams BMW,1:11.473,2004
Australia,Fernando AlonsoALO,Renault,1:25.683,2005
Malaysia,Kimi RäikkönenRAI,McLaren Mercedes,1:35.483,2005
Bahrain,Pedro de la RosaDLR,McLaren Mercedes,1:31.447,2005
San Marino,Michael SchumacherMSC,Ferrari,1:21.858,2005
Spain,Giancarlo FisichellaFIS,Renault,1:15.641,2005
Monaco,Michael SchumacherMSC,Ferrari,1:15.842,2005
Europe,Fernando AlonsoALO,Renault,1:30.711,2005
Canada,Kimi RäikkönenRAI,McLaren Mercedes,1:14.384,2005
United States,Michael SchumacherMSC,Ferrari,1:11.497,2005
France,Kimi RäikkönenRAI,McLaren Mercedes,1:16.423,2005
Great Britain,Kimi RäikkönenRAI,McLaren Mercedes,1:20.502,2005
Germany,Kimi RäikkönenRAI,McLaren Mercedes,1:14.873,2005
Hungary,Kimi RäikkönenRAI,McLaren Mercedes,1:21.219,2005
Turkey,Juan Pablo MontoyaMOY,McLaren Mercedes,1:24.770,2005
Italy,Kimi RäikkönenRAI,McLaren Mercedes,1:21.504,2005
Belgium,Ralf SchumacherRSC,Toyota,1:51.453,2005
Brazil,Kimi RäikkönenRAI,McLaren Mercedes,1:12.268,2005
Japan,Kimi RäikkönenRAI,McLaren Mercedes,1:31.540,2005
China,Kimi RäikkönenRAI,McLaren Mercedes,1:33.242,2005
Bahrain,Nico RosbergROS,Williams Cosworth,1:32.408,2006
Malaysia,Fernando AlonsoALO,Renault,1:34.803,2006
Australia,Kimi RäikkönenRAI,McLaren Mercedes,1:26.045,2006
San Marino,Fernando AlonsoALO,Renault,1:24.569,2006
Europe,Michael SchumacherMSC,Ferrari,1:32.099,2006
Spain,Felipe MassaMAS,Ferrari,1:16.648,2006
Monaco,Michael SchumacherMSC,Ferrari,1:15.143,2006
Great Britain,Fernando AlonsoALO,Renault,1:21.599,2006
Canada,Kimi RäikkönenRAI,McLaren Mercedes,1:15.841,2006
United States,Michael SchumacherMSC,Ferrari,1:12.719,2006
France,Michael SchumacherMSC,Ferrari,1:17.111,2006
Germany,Michael SchumacherMSC,Ferrari,1:16.357,2006
Hungary,Felipe MassaMAS,Ferrari,1:23.516,2006
Turkey,Michael SchumacherMSC,Ferrari,1:28.005,2006
Italy,Kimi RäikkönenRAI,McLaren Mercedes,1:22.559,2006
China,Fernando AlonsoALO,Renault,1:37.586,2006
Japan,Fernando AlonsoALO,Renault,1:32.676,2006
Brazil,Michael SchumacherMSC,Ferrari,1:12.162,2006
Australia,Kimi RäikkönenRAI,Ferrari,1:25.235,2007
Malaysia,Lewis HamiltonHAM,McLaren Mercedes,1:36.701,2007
Bahrain,Felipe MassaMAS,Ferrari,1:34.067,2007
Spain,Felipe MassaMAS,Ferrari,1:22.680,2007
Monaco,Fernando AlonsoALO,McLaren Mercedes,1:15.284,2007
Canada,Fernando AlonsoALO,McLaren Mercedes,1:16.367,2007
United States,Kimi RäikkönenRAI,Ferrari,1:13.117,2007
France,Felipe MassaMAS,Ferrari,1:16.099,2007
Great Britain,Kimi RäikkönenRAI,Ferrari,1:20.638,2007
Europe,Felipe MassaMAS,Ferrari,1:32.853,2007
Hungary,Kimi RäikkönenRAI,Ferrari,1:20.047,2007
Turkey,Kimi RäikkönenRAI,Ferrari,1:27.295,2007
Italy,Fernando AlonsoALO,McLaren Mercedes,1:22.871,2007
Belgium,Felipe MassaMAS,Ferrari,1:48.036,2007
Japan,Lewis HamiltonHAM,McLaren Mercedes,1:28.193,2007
China,Felipe MassaMAS,Ferrari,1:37.454,2007
Brazil,Kimi RäikkönenRAI,Ferrari,1:12.445,2007
Australia,Heikki KovalainenKOV,McLaren Mercedes,1:27.418,2008
Malaysia,Nick HeidfeldHEI,Sauber BMW,1:35.366,2008
Bahrain,Heikki KovalainenKOV,McLaren Mercedes,1:33.193,2008
Spain,Kimi RäikkönenRAI,Ferrari,1:21.670,2008
Turkey,Kimi RäikkönenRAI,Ferrari,1:26.506,2008
Monaco,Kimi RäikkönenRAI,Ferrari,1:16.689,2008
Canada,Kimi RäikkönenRAI,Ferrari,1:17.387,2008
France,Kimi RäikkönenRAI,Ferrari,1:16.630,2008
Great Britain,Kimi RäikkönenRAI,Ferrari,1:32.150,2008
Germany,Nick HeidfeldHEI,Sauber BMW,1:15.987,2008
Hungary,Kimi RäikkönenRAI,Ferrari,1:21.195,2008
Europe,Felipe MassaMAS,Ferrari,1:38.708,2008
Belgium,Kimi RäikkönenRAI,Ferrari,1:47.930,2008
Italy,Kimi RäikkönenRAI,Ferrari,1:28.047,2008
Singapore,Kimi RäikkönenRAI,Ferrari,1:45.599,2008
Japan,Felipe MassaMAS,Ferrari,1:18.426,2008
China,Lewis HamiltonHAM,McLaren Mercedes,1:36.325,2008
Brazil,Felipe MassaMAS,Ferrari,1:13.736,2008
Australia,Nico RosbergROS,Williams Toyota,1:27.706,2009
Malaysia,Jenson ButtonBUT,Brawn Mercedes,1:36.641,2009
China,Rubens BarrichelloBAR,Brawn Mercedes,1:52.592,2009
Bahrain,Jarno TrulliTRU,Toyota,1:34.556,2009
Spain,Rubens BarrichelloBAR,Brawn Mercedes,1:22.762,2009
Monaco,Felipe MassaMAS,Ferrari,1:15.154,2009
Turkey,Jenson ButtonBUT,Brawn Mercedes,1:27.579,2009
Great Britain,Sebastian VettelVET,RBR Renault,1:20.735,2009
Germany,Fernando AlonsoALO,Renault,1:33.365,2009
Hungary,Mark WebberWEB,RBR Renault,1:21.931,2009
Europe,Timo GlockGLO,Toyota,1:38.683,2009
Belgium,Sebastian VettelVET,RBR Renault,1:47.263,2009
Italy,Adrian SutilSUT,Force India Mercedes,1:24.739,2009
Singapore,Fernando AlonsoALO,Renault,1:48.240,2009
Japan,Mark WebberWEB,RBR Renault,1:32.569,2009
Brazil,Mark WebberWEB,RBR Renault,1:13.733,2009
Abu Dhabi,Sebastian VettelVET,RBR Renault,1:40.279,2009
Bahrain,Fernando AlonsoALO,Ferrari,1:58.287,2010
Australia,Mark WebberWEB,RBR Renault,1:28.358,2010
Malaysia,Mark WebberWEB,RBR Renault,1:37.054,2010
China,Lewis HamiltonHAM,McLaren Mercedes,1:42.061,2010
Spain,Lewis HamiltonHAM,McLaren Mercedes,1:24.357,2010
Monaco,Sebastian VettelVET,RBR Renault,1:15.192,2010
Turkey,Vitaly PetrovPET,Renault,1:29.165,2010
Canada,Robert KubicaKUB,Renault,1:16.972,2010
Europe,Jenson ButtonBUT,McLaren Mercedes,1:38.766,2010
Great Britain,Fernando AlonsoALO,Ferrari,1:30.874,2010
Germany,Sebastian VettelVET,RBR Renault,1:15.824,2010
Hungary,Sebastian VettelVET,RBR Renault,1:22.362,2010
Belgium,Lewis HamiltonHAM,McLaren Mercedes,1:49.069,2010
Italy,Fernando AlonsoALO,Ferrari,1:24.139,2010
Singapore,Fernando AlonsoALO,Ferrari,1:47.976,2010
Japan,Mark WebberWEB,RBR Renault,1:33.474,2010
South Korea,Fernando AlonsoALO,Ferrari,1:50.257,2010
Brazil,Lewis HamiltonHAM,McLaren Mercedes,1:13.851,2010
Abu Dhabi,Lewis HamiltonHAM,McLaren Mercedes,1:41.274,2010
Australia,Felipe MassaMAS,Ferrari,1:28.947,2011
Malaysia,Mark WebberWEB,Red Bull Racing Renault,1:40.571,2011
China,Mark WebberWEB,Red Bull Racing Renault,1:38.993,2011
Turkey,Mark WebberWEB,Red Bull Racing Renault,1:29.703,2011
Spain,Lewis HamiltonHAM,McLaren Mercedes,1:26.727,2011
Monaco,Mark WebberWEB,Red Bull Racing Renault,1:16.234,2011
Canada,Jenson ButtonBUT,McLaren Mercedes,1:16.956,2011
Europe,Sebastian VettelVET,Red Bull Racing Renault,1:41.852,2011
Great Britain,Fernando AlonsoALO,Ferrari,1:34.908,2011
Germany,Lewis HamiltonHAM,McLaren Mercedes,1:34.302,2011
Hungary,Felipe MassaMAS,Ferrari,1:23.415,2011
Belgium,Mark WebberWEB,Red Bull Racing Renault,1:49.883,2011
Italy,Lewis HamiltonHAM,McLaren Mercedes,1:26.187,2011
Singapore,Jenson ButtonBUT,McLaren Mercedes,1:48.454,2011
Japan,Jenson ButtonBUT,McLaren Mercedes,1:36.568,2011
South Korea,Sebastian VettelVET,Red Bull Racing Renault,1:39.605,2011
India,Sebastian VettelVET,Red Bull Racing Renault,1:27.249,2011
Abu Dhabi,Mark WebberWEB,Red Bull Racing Renault,1:42.612,2011
Brazil,Mark WebberWEB,Red Bull Racing Renault,1:15.324,2011
Australia,Jenson ButtonBUT,McLaren Mercedes,1:29.187,2012
Malaysia,Kimi RäikkönenRAI,Lotus Renault,1:40.722,2012
China,Kamui KobayashiKOB,Sauber Ferrari,1:39.960,2012
Bahrain,Sebastian VettelVET,Red Bull Racing Renault,1:36.379,2012
Spain,Romain GrosjeanGRO,Lotus Renault,1:26.250,2012
Monaco,Sergio PerezPER,Sauber Ferrari,1:17.296,2012
Canada,Sebastian VettelVET,Red Bull Racing Renault,1:15.752,2012
Europe,Nico RosbergROS,Mercedes,1:42.163,2012
Great Britain,Kimi RäikkönenRAI,Lotus Renault,1:34.661,2012
Germany,Michael SchumacherMSC,Mercedes,1:18.725,2012
Hungary,Sebastian VettelVET,Red Bull Racing Renault,1:24.136,2012
Belgium,Bruno SennaSEN,Williams Renault,1:52.822,2012
Italy,Nico RosbergROS,Mercedes,1:27.239,2012
Singapore,Nico HulkenbergHUL,Force India Mercedes,1:51.033,2012
Japan,Sebastian VettelVET,Red Bull Racing Renault,1:35.774,2012
South Korea,Mark WebberWEB,Red Bull Racing Renault,1:42.037,2012
India,Jenson ButtonBUT,McLaren Mercedes,1:28.203,2012
Abu Dhabi,Sebastian VettelVET,Red Bull Racing Renault,1:43.964,2012
United States,Sebastian VettelVET,Red Bull Racing Renault,1:39.347,2012
Brazil,Lewis HamiltonHAM,McLaren Mercedes,1:18.069,2012
Australia,Kimi RäikkönenRAI,Lotus Renault,1:29.274,2013
Malaysia,Sergio PerezPER,McLaren Mercedes,1:39.199,2013
China,Sebastian VettelVET,Red Bull Racing Renault,1:36.808,2013
Bahrain,Sebastian VettelVET,Red Bull Racing Renault,1:36.961,2013
Spain,Esteban Gutierrez GUT,Sauber Ferrari,1:26.217,2013
Monaco,Sebastian VettelVET,Red Bull Racing Renault,1:16.577,2013
Canada,Mark WebberWEB,Red Bull Racing Renault,1:16.182,2013
Great Britain,Mark WebberWEB,Red Bull Racing Renault,1:33.401,2013
Germany,Fernando AlonsoALO,Ferrari,1:33.468,2013
Hungary,Mark WebberWEB,Red Bull Racing Renault,1:24.069,2013
Belgium,Sebastian VettelVET,Red Bull Racing Renault,1:50.756,2013
Italy,Lewis HamiltonHAM,Mercedes,1:25.849,2013
Singapore,Sebastian VettelVET,Red Bull Racing Renault,1:48.574,2013
South Korea,Sebastian VettelVET,Red Bull Racing Renault,1:41.380,2013
Japan,Mark WebberWEB,Red Bull Racing Renault,1:34.587,2013
India,Kimi RäikkönenRAI,Lotus Renault,1:27.679,2013
Abu Dhabi,Fernando AlonsoALO,Ferrari,1:43.434,2013
United States,Sebastian VettelVET,Red Bull Racing Renault,1:39.856,2013
Brazil,Mark WebberWEB,Red Bull Racing Renault,1:15.436,2013
Australia,Nico RosbergROS,Mercedes,1:32.478,2014
Malaysia,Lewis HamiltonHAM,Mercedes,1:43.066,2014
Bahrain,Nico RosbergROS,Mercedes,1:37.020,2014
China,Nico RosbergROS,Mercedes,1:40.402,2014
Spain,Sebastian VettelVET,Red Bull Racing Renault,1:28.918,2014
Monaco,Kimi RäikkönenRAI,Ferrari,1:18.479,2014
Canada,Felipe MassaMAS,Williams Mercedes,1:18.504,2014
Austria,Sergio PerezPER,Force India Mercedes,1:12.142,2014
Great Britain,Lewis HamiltonHAM,Mercedes,1:37.176,2014
Germany,Lewis HamiltonHAM,Mercedes,1:19.908,2014
Hungary,Nico RosbergROS,Mercedes,1:25.724,2014
Belgium,Nico RosbergROS,Mercedes,1:50.511,2014
Italy,Lewis HamiltonHAM,Mercedes,1:28.004,2014
Singapore,Lewis HamiltonHAM,Mercedes,1:50.417,2014
Japan,Lewis HamiltonHAM,Mercedes,1:51.600,2014
Russia,Valtteri BottasBOT,Williams Mercedes,1:40.896,2014
United States,Sebastian VettelVET,Red Bull Racing Renault,1:41.379,2014
Brazil,Lewis HamiltonHAM,Mercedes,1:13.555,2014
Abu Dhabi,Daniel RicciardoRIC,Red Bull Racing Renault,1:44.496,2014
Australia,Lewis HamiltonHAM,Mercedes,1:30.945,2015
Malaysia,Nico RosbergROS,Mercedes,1:42.062,2015
China,Lewis HamiltonHAM,Mercedes,1:42.208,2015
Bahrain,Kimi RäikkönenRAI,Ferrari,1:36.311,2015
Spain,Lewis HamiltonHAM,Mercedes,1:28.270,2015
Monaco,Daniel RicciardoRIC,Red Bull Racing Renault,1:18.063,2015
Canada,Kimi RäikkönenRAI,Ferrari,1:16.987,2015
Austria,Nico RosbergROS,Mercedes,1:11.235,2015
Great Britain,Lewis HamiltonHAM,Mercedes,1:37.093,2015
Hungary,Daniel RicciardoRIC,Red Bull Racing Renault,1:24.821,2015
Belgium,Nico RosbergROS,Mercedes,1:52.416,2015
Italy,Lewis HamiltonHAM,Mercedes,1:26.672,2015
Singapore,Daniel RicciardoRIC,Red Bull Racing Renault,1:50.041,2015
Japan,Lewis HamiltonHAM,Mercedes,1:36.145,2015
Russia,Sebastian VettelVET,Ferrari,1:40.071,2015
United States,Nico RosbergROS,Mercedes,1:40.666,2015
Mexico,Nico RosbergROS,Mercedes,1:20.521,2015
Brazil,Lewis HamiltonHAM,Mercedes,1:14.832,2015
Abu Dhabi,Lewis HamiltonHAM,Mercedes,1:44.517,2015
Australia,Daniel RicciardoRIC,Red Bull Racing TAG Heuer,1:28.997,2016
Bahrain,Nico RosbergROS,Mercedes,1:34.482,2016
China,Nico HulkenbergHUL,Force India Mercedes,1:39.824,2016
Russia,Nico RosbergROS,Mercedes,1:39.094,2016
Spain,Daniil KvyatKVY,Toro Rosso Ferrari,1:26.948,2016
Monaco,Lewis HamiltonHAM,Mercedes,1:17.939,2016
Canada,Nico RosbergROS,Mercedes,1:15.599,2016
Europe,Nico RosbergROS,Mercedes,1:46.485,2016
Austria,Lewis HamiltonHAM,Mercedes,1:08.411,2016
Great Britain,Nico RosbergROS,Mercedes,1:35.548,2016
Hungary,Kimi RäikkönenRAI,Ferrari,1:23.086,2016
Germany,Daniel RicciardoRIC,Red Bull Racing TAG Heuer,1:18.442,2016
Belgium,Lewis HamiltonHAM,Mercedes,1:51.583,2016
Italy,Fernando AlonsoALO,McLaren Honda,1:25.340,2016
Singapore,Daniel RicciardoRIC,Red Bull Racing TAG Heuer,1:47.187,2016
Malaysia,Nico RosbergROS,Mercedes,1:36.424,2016
Japan,Sebastian VettelVET,Ferrari,1:35.118,2016
United States,Sebastian VettelVET,Ferrari,1:39.877,2016
Mexico,Daniel RicciardoRIC,Red Bull Racing TAG Heuer,1:21.134,2016
Brazil,Max VerstappenVER,Red Bull Racing TAG Heuer,1:25.305,2016
Abu Dhabi,Sebastian VettelVET,Ferrari,1:43.729,2016
Australia,Kimi RäikkönenRAI,Ferrari,1:26.538,2017
China,Lewis HamiltonHAM,Mercedes,1:35.378,2017
Bahrain,Lewis HamiltonHAM,Mercedes,1:32.798,2017
Russia,Kimi RäikkönenRAI,Ferrari,1:36.844,2017
Spain,Lewis HamiltonHAM,Mercedes,1:23.593,2017
Monaco,Sergio PerezPER,Force India Mercedes,1:14.820,2017
Canada,Lewis HamiltonHAM,Mercedes,1:14.551,2017
Azerbaijan,Sebastian VettelVET,Ferrari,1:43.441,2017
Austria,Lewis HamiltonHAM,Mercedes,1:07.411,2017
Great Britain,Lewis HamiltonHAM,Mercedes,1:30.621,2017
Hungary,Fernando AlonsoALO,McLaren Honda,1:20.182,2017
Belgium,Sebastian VettelVET,Ferrari,1:46.577,2017
Italy,Daniel RicciardoRIC,Red Bull Racing TAG Heuer,1:23.361,2017
Singapore,Lewis HamiltonHAM,Mercedes,1:45.008,2017
Malaysia,Sebastian VettelVET,Ferrari,1:34.080,2017
Japan,Valtteri BottasBOT,Mercedes,1:33.144,2017
United States,Sebastian VettelVET,Ferrari,1:37.766,2017
Mexico,Sebastian VettelVET,Ferrari,1:18.785,2017
Brazil,Max VerstappenVER,Red Bull Racing TAG Heuer,1:11.044,2017
Abu Dhabi,Valtteri BottasBOT,Mercedes,1:40.650,2017
Australia,Daniel RicciardoRIC,Red Bull Racing TAG Heuer,1:25.945,2018
Bahrain,Valtteri BottasBOT,Mercedes,1:33.740,2018
China,Daniel RicciardoRIC,Red Bull Racing TAG Heuer,1:35.785,2018
Azerbaijan,Valtteri BottasBOT,Mercedes,1:45.149,2018
Spain,Daniel RicciardoRIC,Red Bull Racing TAG Heuer,1:18.441,2018
Monaco,Max VerstappenVER,Red Bull Racing TAG Heuer,1:14.260,2018
Canada,Max VerstappenVER,Red Bull Racing TAG Heuer,1:13.864,2018
France,Valtteri BottasBOT,Mercedes,1:34.225,2018
Austria,Kimi RäikkönenRAI,Ferrari,1:06.957,2018
Great Britain,Sebastian VettelVET,Ferrari,1:30.696,2018
Germany,Lewis HamiltonHAM,Mercedes,1:15.545,2018
Hungary,Daniel RicciardoRIC,Red Bull Racing TAG Heuer,1:20.012,2018
Belgium,Valtteri BottasBOT,Mercedes,1:46.286,2018
Italy,Lewis HamiltonHAM,Mercedes,1:22.497,2018
Singapore,Kevin MagnussenMAG,Haas Ferrari,1:41.905,2018
Russia,Valtteri BottasBOT,Mercedes,1:35.861,2018
Japan,Sebastian VettelVET,Ferrari,1:32.318,2018
United States,Lewis HamiltonHAM,Mercedes,1:37.392,2018
Mexico,Valtteri BottasBOT,Mercedes,1:18.741,2018
Brazil,Valtteri BottasBOT,Mercedes,1:10.540,2018
Abu Dhabi,Sebastian VettelVET,Ferrari,1:40.867,2018
Australia,Valtteri BottasBOT,Mercedes,1:25.580,2019
Bahrain,Charles LeclercLEC,Ferrari,1:33.411,2019
China,Pierre GaslyGAS,Red Bull Racing Honda,1:34.742,2019
Azerbaijan,Charles LeclercLEC,Ferrari,1:43.009,2019
Spain,Lewis HamiltonHAM,Mercedes,1:18.492,2019
Monaco,Pierre GaslyGAS,Red Bull Racing Honda,1:14.279,2019
Canada,Valtteri BottasBOT,Mercedes,1:13.078,2019
France,Sebastian VettelVET,Ferrari,1:32.740,2019
Austria,Max VerstappenVER,Red Bull Racing Honda,1:07.475,2019
Great Britain,Lewis HamiltonHAM,Mercedes,1:27.369,2019
Germany,Max VerstappenVER,Red Bull Racing Honda,1:16.645,2019
Hungary,Max VerstappenVER,Red Bull Racing Honda,1:17.103,2019
Belgium,Sebastian VettelVET,Ferrari,1:46.409,2019
Italy,Lewis HamiltonHAM,Mercedes,1:21.779,2019
Singapore,Kevin MagnussenMAG,Haas Ferrari,1:42.301,2019
Russia,Lewis HamiltonHAM,Mercedes,1:35.761,2019
Japan,Lewis HamiltonHAM,Mercedes,1:30.983,2019
Mexico,Charles LeclercLEC,Ferrari,1:19.232,2019
United States,Charles LeclercLEC,Ferrari,1:36.169,2019
Brazil,Valtteri BottasBOT,Mercedes,1:10.698,2019
Abu Dhabi,Lewis HamiltonHAM,Mercedes,1:39.283,2019
Austria,Lando NorrisNOR,McLaren Renault,1:07.475,2020
Styria,Carlos SainzSAI,McLaren Renault,1:05.619,2020
Hungary,Lewis HamiltonHAM,Mercedes,1:16.627,2020
Great Britain,Max VerstappenVER,Red Bull Racing Honda,1:27.097,2020
70th Anniversary,Lewis HamiltonHAM,Mercedes,1:28.451,2020
Spain,Valtteri BottasBOT,Mercedes,1:18.183,2020
Belgium,Daniel RicciardoRIC,Renault,1:47.483,2020
Italy,Lewis HamiltonHAM,Mercedes,1:22.746,2020
Tuscany,Lewis HamiltonHAM,Mercedes,1:18.833,2020
Russia,Valtteri BottasBOT,Mercedes,1:37.030,2020
Eifel,Max VerstappenVER,Red Bull Racing Honda,1:28.139,2020
Portugal,Lewis HamiltonHAM,Mercedes,1:18.750,2020
Emilia-Romagna,Lewis HamiltonHAM,Mercedes,1:15.484,2020
Turkey,Lando NorrisNOR,McLaren Renault,1:36.806,2020
Bahrain,Max VerstappenVER,Red Bull Racing Honda,1:32.014,2020
Sakhir,George RussellRUS,Mercedes,55.404,2020
Abu Dhabi,Daniel RicciardoRIC,Renault,1:40.926,2020
Bahrain,Valtteri BottasBOT,Mercedes,1:32.090,2021
Emilia-Romagna,Lewis HamiltonHAM,Mercedes,1:16.702,2021
Portugal,Valtteri BottasBOT,Mercedes,1:19.865,2021
Spain,Max VerstappenVER,Red Bull Racing Honda,1:18.149,2021
Monaco,Lewis HamiltonHAM,Mercedes,1:12.909,2021
Azerbaijan,Max VerstappenVER,Red Bull Racing Honda,1:44.481,2021
France,Max VerstappenVER,Red Bull Racing Honda,1:36.404,2021
Styria,Lewis HamiltonHAM,Mercedes,1:07.058,2021
Austria,Max VerstappenVER,Red Bull Racing Honda,1:06.200,2021
Great Britain,Sergio PerezPER,Red Bull Racing Honda,1:28.617,2021
Hungary,Pierre GaslyGAS,AlphaTauri Honda,1:18.394,2021
Netherlands,Lewis HamiltonHAM,Mercedes,1:11.097,2021
Italy,Daniel RicciardoRIC,McLaren Mercedes,1:24.812,2021
Russia,Lando NorrisNOR,McLaren Mercedes,1:37.423,2021
Turkey,Valtteri BottasBOT,Mercedes,1:30.432,2021
United States,Lewis HamiltonHAM,Mercedes,1:38.485,2021
Mexico,Valtteri BottasBOT,Mercedes,1:17.774,2021
Brazil,Sergio PerezPER,Red Bull Racing Honda,1:11.010,2021
Qatar,Max VerstappenVER,Red Bull Racing Honda,1:23.196,2021
Saudi Arabia,Lewis HamiltonHAM,Mercedes,1:30.734,2021
Abu Dhabi,Max VerstappenVER,Red Bull Racing Honda,1:26.103,2021
Bahrain,Charles LeclercLEC,Ferrari,1:34.570,2022
Saudi Arabia,Charles LeclercLEC,Ferrari,1:31.634,2022
Australia,Charles LeclercLEC,Ferrari,1:20.260,2022
Emilia-Romagna,Max VerstappenVER,Red Bull Racing RBPT,1:18.446,2022
Miami,Max VerstappenVER,Red Bull Racing RBPT,1:31.361,2022
Spain,Sergio PerezPER,Red Bull Racing RBPT,1:24.108,2022
Monaco,Lando NorrisNOR,McLaren Mercedes,1:14.693,2022
Azerbaijan,Sergio PerezPER,Red Bull Racing RBPT,1:46.046,2022
Canada,Carlos SainzSAI,Ferrari,1:15.749,2022
Great Britain,Lewis HamiltonHAM,Mercedes,1:30.510,2022
Austria,Max VerstappenVER,Red Bull Racing RBPT,1:07.275,2022
France,Carlos SainzSAI,Ferrari,1:35.781,2022
Hungary,Lewis HamiltonHAM,Mercedes,1:21.386,2022
Belgium,Max VerstappenVER,Red Bull Racing RBPT,1:49.354,2022
Netherlands,Max VerstappenVER,Red Bull Racing RBPT,1:13.652,2022
Italy,Sergio PerezPER,Red Bull Racing RBPT,1:24.030,2022
Singapore,George RussellRUS,Mercedes,1:46.458,2022
Japan,Zhou GuanyuZHO,Alfa Romeo Ferrari,1:44.411,2022
United States,George RussellRUS,Mercedes,1:38.788,2022
Mexico,George RussellRUS,Mercedes,1:20.153,2022
Brazil,George RussellRUS,Mercedes,1:13.785,2022
Abu Dhabi,Lando NorrisNOR,McLaren Mercedes,1:28.391,2022
Bahrain,Zhou GuanyuZHO,Alfa Romeo Ferrari,1:33.996,2023
Saudi Arabia,Max VerstappenVER,Red Bull Racing Honda RBPT,1:31.906,2023
Australia,Sergio PerezPER,Red Bull Racing Honda RBPT,1:20.235,2023
Azerbaijan,George RussellRUS,Mercedes,1:43.370,2023
Miami,Max VerstappenVER,Red Bull Racing Honda RBPT,1:29.708,2023
Spain,Max VerstappenVER,Red Bull Racing Honda RBPT,1:16.330,2023
Canada,Sergio PerezPER,Red Bull Racing Honda RBPT,1:14.481,2023
Austria,Max VerstappenVER,Red Bull Racing Honda RBPT,1:07.012,2023
Great Britain,Max VerstappenVER,Red Bull Racing Honda RBPT,1:30.275,2023
Hungary,Max VerstappenVER,Red Bull Racing Honda RBPT,1:20.504,2023
Belgium,Lewis HamiltonHAM,Mercedes,1:47.305,2023
Italy,Oscar PiastriPIA,McLaren Mercedes,1:25.072,2023
Singapore,Lewis HamiltonHAM,Mercedes,1:35.867,2023
Japan,Max VerstappenVER,Red Bull Racing Honda RBPT,1:34.183,2023
Qatar,Max VerstappenVER,Red Bull Racing Honda RBPT,1:24.319,2023
United States,Yuki TsunodaTSU,AlphaTauri Honda RBPT,1:38.139,2023
Mexico,Lewis HamiltonHAM,Mercedes,1:21.334,2023
Brazil,Lando NorrisNOR,McLaren Mercedes,1:12.486,2023
Las Vegas,Oscar PiastriPIA,McLaren Mercedes,1:35.490,2023
Abu Dhabi,Max VerstappenVER,Red Bull Racing Honda RBPT,1:26.993,2023
Bahrain,Max VerstappenVER,Red Bull Racing Honda RBPT,1:32.608,2024
Saudi Arabia,Charles LeclercLEC,Ferrari,1:31.632,2024
Australia,Charles LeclercLEC,Ferrari,1:19.813,2024
Japan,Max VerstappenVER,Red Bull Racing Honda RBPT,1:33.706,2024
China,Fernando AlonsoALO,Aston Martin Aramco Mercedes,1:37.810,2024
Miami,Oscar PiastriPIA,McLaren Mercedes,1:30.634,2024
Emilia-Romagna,George RussellRUS,Mercedes,1:18.589,2024
Monaco,Lewis HamiltonHAM,Mercedes,1:14.165,2024
Canada,Lewis HamiltonHAM,Mercedes,1:14.856,2024
Spain,Lando NorrisNOR,McLaren Mercedes,1:17.115,2024
Austria,Fernando AlonsoALO,Aston Martin Aramco Mercedes,1:07.694,2024
Great Britain,Carlos SainzSAI,Ferrari,1:28.293,2024
Hungary,George RussellRUS,Mercedes,1:20.305,2024
Belgium,Sergio PerezPER,Red Bull Racing Honda RBPT,1:44.701,2024
Netherlands,Lando NorrisNOR,McLaren Mercedes,1:13.817,2024
Italy,Lando NorrisNOR,McLaren Mercedes,1:21.432,2024
Azerbaijan,Lando NorrisNOR,McLaren Mercedes,1:45.255,2024
Singapore,Daniel RicciardoRIC,RB Honda RBPT,1:34.486,2024
United States,Esteban OconOCO,Alpine Renault,1:37.330,2024
Mexico,Charles LeclercLEC,Ferrari,1:18.336,2024
Brazil,Max VerstappenVER,Red Bull Racing Honda RBPT,1:20.472,2024
Las Vegas,Lando NorrisNOR,McLaren Mercedes,1:34.876,2024
Qatar,Lando NorrisNOR,McLaren Mercedes,1:22.384,2024
Abu Dhabi,Kevin MagnussenMAG,Haas Ferrari,1:25.637,2024
